row_type,definition,category,gene,display_identifier,fold_dir,n_models_usable,n_models_multisubunit,fraction_models_multisubunit,count,denominator,fraction
model_valency_summary,proximity,0,,,,,,,15.0,1139.0,0.013169446883230905
model_valency_summary,proximity,1,,,,,,,138.0,1139.0,0.12115891132572432
model_valency_summary,proximity,2,,,,,,,161.0,1139.0,0.14135206321334504
model_valency_summary,proximity,>=3,,,,,,,825.0,1139.0,0.7243195785776997
model_multisubunit_summary,proximity,>=2,,,,,,,986.0,1139.0,0.8656716417910447
ad_recurrent_ge2_models_summary,proximity,>=2 supporting models,,,,,,,219.0,234.0,0.9358974358974359
ad_fraction_median_summary,proximity,median,,,,,,,,234.0,1.0
model_valency_summary,strict_hydrophobic,0,,,,,,,30.0,1139.0,0.02633889376646181
model_valency_summary,strict_hydrophobic,1,,,,,,,290.0,1139.0,0.2546093064091308
model_valency_summary,strict_hydrophobic,2,,,,,,,367.0,1139.0,0.3222124670763828
model_valency_summary,strict_hydrophobic,>=3,,,,,,,452.0,1139.0,0.3968393327480246
model_multisubunit_summary,strict_hydrophobic,>=2,,,,,,,819.0,1139.0,0.7190517998244074
ad_recurrent_ge2_models_summary,strict_hydrophobic,>=2 supporting models,,,,,,,195.0,234.0,0.8333333333333334
ad_fraction_median_summary,strict_hydrophobic,median,,,,,,,,234.0,0.8
ad_usable_model_denominator_summary,shared,2,,,,,,,1.0,234.0,0.004273504273504274
ad_usable_model_denominator_summary,shared,3,,,,,,,4.0,234.0,0.017094017094017096
ad_usable_model_denominator_summary,shared,4,,,,,,,20.0,234.0,0.08547008547008547
ad_usable_model_denominator_summary,shared,5,,,,,,,209.0,234.0,0.8931623931623932
ad_level_fraction,proximity,>=2 physical Tail subunits,ahr,AHR,fold_3_ahr_fulltail,5.0,5.0,1.0,,,
ad_level_fraction,proximity,>=2 physical Tail subunits,akap8,AKAP8,fold_4_akap8_fulltail,5.0,5.0,1.0,,,
ad_level_fraction,proximity,>=2 physical Tail subunits,akap8l,AKAP8L,fold_5_akap8l_fulltail,5.0,5.0,1.0,,,
ad_level_fraction,proximity,>=2 physical Tail subunits,apbb1,APBB1,fold_6_apbb1_fulltail,5.0,3.0,0.6,,,
ad_level_fraction,proximity,>=2 physical Tail subunits,apbb3,APBB3,fold_7_apbb3_fulltail,3.0,3.0,1.0,,,
ad_level_fraction,proximity,>=2 physical Tail subunits,apobec4,APOBEC4,fold_8_apobec4_fulltail,5.0,0.0,0.0,,,
ad_level_fraction,proximity,>=2 physical Tail subunits,argfx,ARGFX,fold_9_argfx_fulltail,4.0,4.0,1.0,,,
ad_level_fraction,proximity,>=2 physical Tail subunits,arntl,ARNTL,fold_10_arntl_fulltail,5.0,5.0,1.0,,,
ad_level_fraction,proximity,>=2 physical Tail subunits,arntl2,ARNTL2,fold_11_arntl2_fulltail,5.0,3.0,0.6,,,
ad_level_fraction,proximity,>=2 physical Tail subunits,asxl2,ASXL2,fold_12_asxl2_fulltail,4.0,4.0,1.0,,,
ad_level_fraction,proximity,>=2 physical Tail subunits,asxl3,ASXL3,fold_13_asxl3_fulltail,5.0,3.0,0.6,,,
ad_level_fraction,proximity,>=2 physical Tail subunits,atad5,ATAD5,fold_14_atad5_fulltail,5.0,5.0,1.0,,,
ad_level_fraction,proximity,>=2 physical Tail subunits,atf4,ATF4,fold_15_atf4_fulltail,5.0,5.0,1.0,,,
ad_level_fraction,proximity,>=2 physical Tail subunits,atf5,ATF5,fold_16_atf5_fulltail,5.0,5.0,1.0,,,
ad_level_fraction,proximity,>=2 physical Tail subunits,atf6,ATF6,fold_17_atf6_fulltail,5.0,5.0,1.0,,,
ad_level_fraction,proximity,>=2 physical Tail subunits,atf6b,ATF6B,fold_18_atf6b_fulltail,5.0,4.0,0.8,,,
ad_level_fraction,proximity,>=2 physical Tail subunits,atmin,ATMIN,fold_19_atmin_fulltail,5.0,5.0,1.0,,,
ad_level_fraction,proximity,>=2 physical Tail subunits,bhlhe23,BHLHE23,fold_20_bhlhe23_fulltail,3.0,2.0,0.6666666666666666,,,
ad_level_fraction,proximity,>=2 physical Tail subunits,brd2,BRD2,fold_21_brd2_fulltail,5.0,0.0,0.0,,,
ad_level_fraction,proximity,>=2 physical Tail subunits,brd3,BRD3,fold_22_brd3_fulltail,5.0,1.0,0.2,,,
ad_level_fraction,proximity,>=2 physical Tail subunits,brd4,BRD4,fold_23_brd4_fulltail,5.0,0.0,0.0,,,
ad_level_fraction,proximity,>=2 physical Tail subunits,brd8,BRD8,fold_25_brd8_fulltail,5.0,4.0,0.8,,,
ad_level_fraction,proximity,>=2 physical Tail subunits,brwd3,BRWD3,fold_26_brwd3_fulltail,5.0,2.0,0.4,,,
ad_level_fraction,proximity,>=2 physical Tail subunits,camta1,CAMTA1,fold_27_camta1_fulltail,5.0,5.0,1.0,,,
ad_level_fraction,proximity,>=2 physical Tail subunits,camta2,CAMTA2,fold_28_camta2_fulltail,4.0,4.0,1.0,,,
ad_level_fraction,proximity,>=2 physical Tail subunits,cdca4,CDCA4,fold_30_cdca4_fulltail,5.0,5.0,1.0,,,
ad_level_fraction,proximity,>=2 physical Tail subunits,cdx2,CDX2,fold_32_cdx2_fulltail,5.0,5.0,1.0,,,
ad_level_fraction,proximity,>=2 physical Tail subunits,cdx4,CDX4,fold_33_cdx4_fulltail,5.0,5.0,1.0,,,
ad_level_fraction,proximity,>=2 physical Tail subunits,cebpa,CEBPA,fold_34_cebpa_fulltail,5.0,4.0,0.8,,,
ad_level_fraction,proximity,>=2 physical Tail subunits,cebpd,CEBPD,fold_35_cebpd_fulltail,5.0,4.0,0.8,,,
ad_level_fraction,proximity,>=2 physical Tail subunits,chd1l,CHD1L,fold_36_chd1l_fulltail,5.0,5.0,1.0,,,
ad_level_fraction,proximity,>=2 physical Tail subunits,chd2,CHD2,fold_37_chd2_fulltail,5.0,5.0,1.0,,,
ad_level_fraction,proximity,>=2 physical Tail subunits,chd9,CHD9,fold_39_chd9_fulltail,5.0,3.0,0.6,,,
ad_level_fraction,proximity,>=2 physical Tail subunits,chek2,CHEK2,fold_40_chek2_fulltail,4.0,2.0,0.5,,,
ad_level_fraction,proximity,>=2 physical Tail subunits,creb3,CREB3,fold_41_creb3_fulltail,5.0,5.0,1.0,,,
ad_level_fraction,proximity,>=2 physical Tail subunits,creb3l1,CREB3L1,fold_42_creb3l1_fulltail,5.0,5.0,1.0,,,
ad_level_fraction,proximity,>=2 physical Tail subunits,creb3l2,CREB3L2,fold_43_creb3l2_fulltail,5.0,5.0,1.0,,,
ad_level_fraction,proximity,>=2 physical Tail subunits,creb3l3,CREB3L3,fold_44_creb3l3_fulltail,5.0,5.0,1.0,,,
ad_level_fraction,proximity,>=2 physical Tail subunits,creb3l4,CREB3L4,fold_45_creb3l4_fulltail,5.0,5.0,1.0,,,
ad_level_fraction,proximity,>=2 physical Tail subunits,crebbp,CREBBP,fold_46_crebbp_fulltail,5.0,5.0,1.0,,,
ad_level_fraction,proximity,>=2 physical Tail subunits,crebzf,CREBZF,fold_47_crebzf_fulltail,5.0,4.0,0.8,,,
ad_level_fraction,proximity,>=2 physical Tail subunits,crx,CRX,fold_48_crx_fulltail,5.0,5.0,1.0,,,
ad_level_fraction,proximity,>=2 physical Tail subunits,csrnp1,CSRNP1,fold_49_csrnp1_fulltail,5.0,5.0,1.0,,,
ad_level_fraction,proximity,>=2 physical Tail subunits,ctc1,CTC1,fold_50_ctc1_fulltail,5.0,4.0,0.8,,,
ad_level_fraction,proximity,>=2 physical Tail subunits,cxxc1,CXXC1,fold_51_cxxc1_fulltail,5.0,5.0,1.0,,,
ad_level_fraction,proximity,>=2 physical Tail subunits,ddit3,DDIT3,fold_52_ddit3_fulltail,5.0,3.0,0.6,,,
ad_level_fraction,proximity,>=2 physical Tail subunits,dlx3,DLX3,fold_53_dlx3_fulltail,5.0,5.0,1.0,,,
ad_level_fraction,proximity,>=2 physical Tail subunits,dmrt1,DMRT1,fold_54_dmrt1_fulltail,5.0,5.0,1.0,,,
ad_level_fraction,proximity,>=2 physical Tail subunits,dux4,DUX4,fold_55_dux4_fulltail,5.0,5.0,1.0,,,
ad_level_fraction,proximity,>=2 physical Tail subunits,e2f1,E2F1,fold_56_e2f1_fulltail,5.0,4.0,0.8,,,
ad_level_fraction,proximity,>=2 physical Tail subunits,e2f2,E2F2,fold_57_e2f2_fulltail,5.0,2.0,0.4,,,
ad_level_fraction,proximity,>=2 physical Tail subunits,e2f3,E2F3,fold_58_e2f3_fulltail,2.0,2.0,1.0,,,
ad_level_fraction,proximity,>=2 physical Tail subunits,egr3,EGR3,fold_62_egr3_fulltail,5.0,4.0,0.8,,,
ad_level_fraction,proximity,>=2 physical Tail subunits,egr4,EGR4,fold_63_egr4_fulltail,5.0,5.0,1.0,,,
ad_level_fraction,proximity,>=2 physical Tail subunits,elf3,ELF3,fold_64_elf3_fulltail,5.0,5.0,1.0,,,
ad_level_fraction,proximity,>=2 physical Tail subunits,elk1,ELK1,fold_65_elk1_fulltail,5.0,5.0,1.0,,,
ad_level_fraction,proximity,>=2 physical Tail subunits,ep300,EP300,fold_67_ep300_fulltail,5.0,5.0,1.0,,,
ad_level_fraction,proximity,>=2 physical Tail subunits,ep400,EP400,fold_68_ep400_fulltail,5.0,5.0,1.0,,,
ad_level_fraction,proximity,>=2 physical Tail subunits,erg,ERG,fold_71_erg_fulltail,5.0,5.0,1.0,,,
ad_level_fraction,proximity,>=2 physical Tail subunits,esr1,ESR1,fold_72_esr1_fulltail,5.0,5.0,1.0,,,
ad_level_fraction,proximity,>=2 physical Tail subunits,ets1,ETS1,fold_73_ets1_fulltail,5.0,5.0,1.0,,,
ad_level_fraction,proximity,>=2 physical Tail subunits,ets2,ETS2,fold_74_ets2_fulltail,4.0,3.0,0.75,,,
ad_level_fraction,proximity,>=2 physical Tail subunits,etv1,ETV1,fold_75_etv1_fulltail,5.0,1.0,0.2,,,
ad_level_fraction,proximity,>=2 physical Tail subunits,etv2,ETV2,fold_76_etv2_fulltail,5.0,5.0,1.0,,,
ad_level_fraction,proximity,>=2 physical Tail subunits,etv3,ETV3,fold_77_etv3_fulltail,5.0,5.0,1.0,,,
ad_level_fraction,proximity,>=2 physical Tail subunits,etv4,ETV4,fold_78_etv4_fulltail,5.0,5.0,1.0,,,
ad_level_fraction,proximity,>=2 physical Tail subunits,etv5,ETV5,fold_79_etv5_fulltail,5.0,3.0,0.6,,,
ad_level_fraction,proximity,>=2 physical Tail subunits,eya1,EYA1,fold_81_eya1_fulltail,5.0,5.0,1.0,,,
ad_level_fraction,proximity,>=2 physical Tail subunits,eya2,EYA2,fold_82_eya2_fulltail,5.0,5.0,1.0,,,
ad_level_fraction,proximity,>=2 physical Tail subunits,eya3,EYA3,fold_83_eya3_fulltail,5.0,5.0,1.0,,,
ad_level_fraction,proximity,>=2 physical Tail subunits,eya4,EYA4,fold_84_eya4_fulltail,5.0,5.0,1.0,,,
ad_level_fraction,proximity,>=2 physical Tail subunits,fos,FOS,fold_85_fos_fulltail,5.0,5.0,1.0,,,
ad_level_fraction,proximity,>=2 physical Tail subunits,foxi1,FOXI1,fold_86_foxi1_fulltail,5.0,5.0,1.0,,,
ad_level_fraction,proximity,>=2 physical Tail subunits,foxj1,FOXJ1,fold_87_foxj1_fulltail,4.0,4.0,1.0,,,
ad_level_fraction,proximity,>=2 physical Tail subunits,foxj3,FOXJ3,fold_88_foxj3_fulltail,5.0,4.0,0.8,,,
ad_level_fraction,proximity,>=2 physical Tail subunits,foxm1,FOXM1,fold_89_foxm1_fulltail,5.0,5.0,1.0,,,
ad_level_fraction,proximity,>=2 physical Tail subunits,foxn1,FOXN1,fold_90_foxn1_fulltail,5.0,4.0,0.8,,,
ad_level_fraction,proximity,>=2 physical Tail subunits,foxn2,FOXN2,fold_91_foxn2_fulltail,5.0,5.0,1.0,,,
ad_level_fraction,proximity,>=2 physical Tail subunits,foxn4,FOXN4,fold_92_foxn4_fulltail,5.0,5.0,1.0,,,
ad_level_fraction,proximity,>=2 physical Tail subunits,foxo1,FOXO1,fold_93_foxo1_fulltail,5.0,3.0,0.6,,,
ad_level_fraction,proximity,>=2 physical Tail subunits,foxo3,FOXO3,fold_94_foxo3_fulltail,5.0,4.0,0.8,,,
ad_level_fraction,proximity,>=2 physical Tail subunits,foxo4,FOXO4,fold_95_foxo4_fulltail,5.0,4.0,0.8,,,
ad_level_fraction,proximity,>=2 physical Tail subunits,foxo6,FOXO6,fold_96_foxo6_fulltail,5.0,5.0,1.0,,,
ad_level_fraction,proximity,>=2 physical Tail subunits,foxr1,FOXR1,fold_97_foxr1_fulltail,4.0,3.0,0.75,,,
ad_level_fraction,proximity,>=2 physical Tail subunits,foxr2,FOXR2,fold_98_foxr2_fulltail,5.0,4.0,0.8,,,
ad_level_fraction,proximity,>=2 physical Tail subunits,gata6,GATA6,fold_99_gata6_fulltail,5.0,5.0,1.0,,,
ad_level_fraction,proximity,>=2 physical Tail subunits,gcm1,GCM1,fold_100_gcm1_fulltail,5.0,5.0,1.0,,,
ad_level_fraction,proximity,>=2 physical Tail subunits,gmeb2,GMEB2,fold_101_gmeb2_fulltail,5.0,5.0,1.0,,,
ad_level_fraction,proximity,>=2 physical Tail subunits,grhl1,GRHL1,fold_102_grhl1_fulltail,5.0,5.0,1.0,,,
ad_level_fraction,proximity,>=2 physical Tail subunits,grhl2,GRHL2,fold_103_grhl2_fulltail,4.0,4.0,1.0,,,
ad_level_fraction,proximity,>=2 physical Tail subunits,grhl3,GRHL3,fold_104_grhl3_fulltail,5.0,4.0,0.8,,,
ad_level_fraction,proximity,>=2 physical Tail subunits,hbp1,HBP1,fold_105_hbp1_fulltail,5.0,5.0,1.0,,,
ad_level_fraction,proximity,>=2 physical Tail subunits,hlf,HLF,fold_108_hlf_fulltail,5.0,5.0,1.0,,,
ad_level_fraction,proximity,>=2 physical Tail subunits,hoxa13,HOXA13,fold_109_hoxa13_fulltail,5.0,5.0,1.0,,,
ad_level_fraction,proximity,>=2 physical Tail subunits,hoxa2,HOXA2,fold_110_hoxa2_fulltail,5.0,4.0,0.8,,,
ad_level_fraction,proximity,>=2 physical Tail subunits,hoxa6,HOXA6,fold_111_hoxa6_fulltail,5.0,5.0,1.0,,,
ad_level_fraction,proximity,>=2 physical Tail subunits,hoxb13,HOXB13,fold_112_hoxb13_fulltail,5.0,5.0,1.0,,,
ad_level_fraction,proximity,>=2 physical Tail subunits,hoxb2,HOXB2,fold_113_hoxb2_fulltail,5.0,3.0,0.6,,,
ad_level_fraction,proximity,>=2 physical Tail subunits,hoxb6,HOXB6,fold_114_hoxb6_fulltail,5.0,5.0,1.0,,,
ad_level_fraction,proximity,>=2 physical Tail subunits,hoxd13,HOXD13,fold_115_hoxd13_fulltail,5.0,5.0,1.0,,,
ad_level_fraction,proximity,>=2 physical Tail subunits,hsf1,HSF1,fold_116_hsf1_fulltail,5.0,4.0,0.8,,,
ad_level_fraction,proximity,>=2 physical Tail subunits,hsf5,HSF5,fold_117_hsf5_fulltail,5.0,5.0,1.0,,,
ad_level_fraction,proximity,>=2 physical Tail subunits,huwe1,HUWE1,fold_118_huwe1_fulltail,5.0,0.0,0.0,,,
ad_level_fraction,proximity,>=2 physical Tail subunits,ino80d,INO80D,fold_119_ino80d_fulltail,5.0,5.0,1.0,,,
ad_level_fraction,proximity,>=2 physical Tail subunits,irf1,IRF1,fold_120_irf1_fulltail,5.0,5.0,1.0,,,
ad_level_fraction,proximity,>=2 physical Tail subunits,irf2,IRF2,fold_121_irf2_fulltail,5.0,5.0,1.0,,,
ad_level_fraction,proximity,>=2 physical Tail subunits,irx4,IRX4,fold_122_irx4_fulltail,5.0,5.0,1.0,,,
ad_level_fraction,proximity,>=2 physical Tail subunits,jrkl,JRKL,fold_128_jrkl_fulltail,5.0,4.0,0.8,,,
ad_level_fraction,proximity,>=2 physical Tail subunits,kat14,KAT14,fold_129_kat14_fulltail,5.0,5.0,1.0,,,
ad_level_fraction,proximity,>=2 physical Tail subunits,kat6b,KAT6B,fold_130_kat6b_fulltail,5.0,5.0,1.0,,,
ad_level_fraction,proximity,>=2 physical Tail subunits,kdm3b,KDM3B,fold_131_kdm3b_fulltail,5.0,5.0,1.0,,,
ad_level_fraction,proximity,>=2 physical Tail subunits,kdm5b,KDM5B,fold_132_kdm5b_fulltail,4.0,3.0,0.75,,,
ad_level_fraction,proximity,>=2 physical Tail subunits,klf15,KLF15,fold_134_klf15_fulltail,5.0,5.0,1.0,,,
ad_level_fraction,proximity,>=2 physical Tail subunits,klf4,KLF4,fold_135_klf4_fulltail,5.0,5.0,1.0,,,
ad_level_fraction,proximity,>=2 physical Tail subunits,klf5,KLF5,fold_136_klf5_fulltail,5.0,5.0,1.0,,,
ad_level_fraction,proximity,>=2 physical Tail subunits,kmt2a,KMT2A,fold_138_kmt2a_fulltail,5.0,5.0,1.0,,,
ad_level_fraction,proximity,>=2 physical Tail subunits,kmt2c,KMT2C,fold_139_kmt2c_fulltail,5.0,5.0,1.0,,,
ad_level_fraction,proximity,>=2 physical Tail subunits,kmt2d,KMT2D,fold_140_kmt2d_fulltail,4.0,4.0,1.0,,,
ad_level_fraction,proximity,>=2 physical Tail subunits,las1l,LAS1L,fold_142_las1l_fulltail,5.0,3.0,0.6,,,
ad_level_fraction,proximity,>=2 physical Tail subunits,leutx,LEUTX,fold_143_leutx_fulltail,5.0,5.0,1.0,,,
ad_level_fraction,proximity,>=2 physical Tail subunits,lhx1,LHX1,fold_144_lhx1_fulltail,5.0,5.0,1.0,,,
ad_level_fraction,proximity,>=2 physical Tail subunits,lmx1a,LMX1A,fold_145_lmx1a_fulltail,5.0,5.0,1.0,,,
ad_level_fraction,proximity,>=2 physical Tail subunits,mga,MGA,fold_148_mga_fulltail,5.0,5.0,1.0,,,
ad_level_fraction,proximity,>=2 physical Tail subunits,mitf,MITF,fold_149_mitf_fulltail,5.0,5.0,1.0,,,
ad_level_fraction,proximity,>=2 physical Tail subunits,mlxip,MLXIP,fold_150_mlxip_fulltail,4.0,3.0,0.75,,,
ad_level_fraction,proximity,>=2 physical Tail subunits,mlxipl,MLXIPL,fold_151_mlxipl_fulltail,5.0,5.0,1.0,,,
ad_level_fraction,proximity,>=2 physical Tail subunits,msl2,MSL2,fold_153_msl2_fulltail,5.0,4.0,0.8,,,
ad_level_fraction,proximity,>=2 physical Tail subunits,mterf3,MTERF3,fold_155_mterf3_fulltail,4.0,3.0,0.75,,,
ad_level_fraction,proximity,>=2 physical Tail subunits,myb,MYB,fold_156_myb_fulltail,5.0,4.0,0.8,,,
ad_level_fraction,proximity,>=2 physical Tail subunits,mybl1,MYBL1,fold_157_mybl1_fulltail,5.0,4.0,0.8,,,
ad_level_fraction,proximity,>=2 physical Tail subunits,mybl2,MYBL2,fold_158_mybl2_fulltail,5.0,5.0,1.0,,,
ad_level_fraction,proximity,>=2 physical Tail subunits,myc,MYC,fold_159_myc_fulltail,5.0,4.0,0.8,,,
ad_level_fraction,proximity,>=2 physical Tail subunits,mycl,MYCL,fold_160_mycl_fulltail,5.0,4.0,0.8,,,
ad_level_fraction,proximity,>=2 physical Tail subunits,mycn,MYCN,fold_161_mycn_fulltail,5.0,5.0,1.0,,,
ad_level_fraction,proximity,>=2 physical Tail subunits,myod1,MYOD1,fold_162_myod1_fulltail,5.0,5.0,1.0,,,
ad_level_fraction,proximity,>=2 physical Tail subunits,myrfl,MYRFL,fold_163_myrfl_fulltail,5.0,5.0,1.0,,,
ad_level_fraction,proximity,>=2 physical Tail subunits,myt1l,MYT1L,fold_164_myt1l_fulltail,5.0,4.0,0.8,,,
ad_level_fraction,proximity,>=2 physical Tail subunits,nanog,NANOG,fold_165_nanog_fulltail,5.0,5.0,1.0,,,
ad_level_fraction,proximity,>=2 physical Tail subunits,nanogp8,NANOGP8,fold_166_nanogp8_fulltail,5.0,4.0,0.8,,,
ad_level_fraction,proximity,>=2 physical Tail subunits,ncoa1,NCOA1,fold_168_ncoa1_fulltail,5.0,1.0,0.2,,,
ad_level_fraction,proximity,>=2 physical Tail subunits,ncoa2,NCOA2,fold_169_ncoa2_fulltail,5.0,5.0,1.0,,,
ad_level_fraction,proximity,>=2 physical Tail subunits,ncoa3,NCOA3,fold_170_ncoa3_fulltail,5.0,5.0,1.0,,,
ad_level_fraction,proximity,>=2 physical Tail subunits,neurog3,NEUROG3,fold_172_neurog3_fulltail,5.0,5.0,1.0,,,
ad_level_fraction,proximity,>=2 physical Tail subunits,nfat5,NFAT5,fold_173_nfat5_fulltail,5.0,5.0,1.0,,,
ad_level_fraction,proximity,>=2 physical Tail subunits,nfatc2,NFATC2,fold_174_nfatc2_fulltail,5.0,5.0,1.0,,,
ad_level_fraction,proximity,>=2 physical Tail subunits,nfe2,NFE2,fold_175_nfe2_fulltail,5.0,5.0,1.0,,,
ad_level_fraction,proximity,>=2 physical Tail subunits,nfe2l1,NFE2L1,fold_176_nfe2l1_fulltail,4.0,4.0,1.0,,,
ad_level_fraction,proximity,>=2 physical Tail subunits,nfe2l2,NFE2L2,fold_177_nfe2l2_fulltail,5.0,5.0,1.0,,,
ad_level_fraction,proximity,>=2 physical Tail subunits,nfe2l3,NFE2L3,fold_178_nfe2l3_fulltail,5.0,5.0,1.0,,,
ad_level_fraction,proximity,>=2 physical Tail subunits,nobox,NOBOX,fold_182_nobox_fulltail,5.0,5.0,1.0,,,
ad_level_fraction,proximity,>=2 physical Tail subunits,npas4,NPAS4,fold_183_npas4_fulltail,5.0,5.0,1.0,,,
ad_level_fraction,proximity,>=2 physical Tail subunits,nr1h4,NR1H4,fold_184_nr1h4_fulltail,5.0,5.0,1.0,,,
ad_level_fraction,proximity,>=2 physical Tail subunits,nr3c1,NR3C1,fold_185_nr3c1_fulltail,4.0,4.0,1.0,,,
ad_level_fraction,proximity,>=2 physical Tail subunits,nr4a1,NR4A1,fold_186_nr4a1_fulltail,4.0,4.0,1.0,,,
ad_level_fraction,proximity,>=2 physical Tail subunits,nr4a2,NR4A2,fold_187_nr4a2_fulltail,5.0,4.0,0.8,,,
ad_level_fraction,proximity,>=2 physical Tail subunits,oga,OGA,fold_189_oga_fulltail,5.0,5.0,1.0,,,
ad_level_fraction,proximity,>=2 physical Tail subunits,pagr1,PAGR1,fold_191_pagr1_fulltail,5.0,3.0,0.6,,,
ad_level_fraction,proximity,>=2 physical Tail subunits,parp3,PARP3,fold_192_parp3_fulltail,5.0,0.0,0.0,,,
ad_level_fraction,proximity,>=2 physical Tail subunits,pax8,PAX8,fold_193_pax8_fulltail,5.0,5.0,1.0,,,
ad_level_fraction,proximity,>=2 physical Tail subunits,phf19,PHF19,fold_195_phf19_fulltail,5.0,5.0,1.0,,,
ad_level_fraction,proximity,>=2 physical Tail subunits,phf20l1,PHF20L1,fold_196_phf20l1_fulltail,4.0,4.0,1.0,,,
ad_level_fraction,proximity,>=2 physical Tail subunits,phox2a,PHOX2A,fold_198_phox2a_fulltail,5.0,5.0,1.0,,,
ad_level_fraction,proximity,>=2 physical Tail subunits,plag1,PLAG1,fold_199_plag1_fulltail,5.0,5.0,1.0,,,
ad_level_fraction,proximity,>=2 physical Tail subunits,plagl1,PLAGL1,fold_200_plagl1_fulltail,5.0,5.0,1.0,,,
ad_level_fraction,proximity,>=2 physical Tail subunits,plagl2,PLAGL2,fold_201_plagl2_fulltail,5.0,4.0,0.8,,,
ad_level_fraction,proximity,>=2 physical Tail subunits,plscr1,PLSCR1,fold_202_plscr1_fulltail,5.0,0.0,0.0,,,
ad_level_fraction,proximity,>=2 physical Tail subunits,pou2af1,POU2AF1,fold_203_pou2af1_fulltail,5.0,4.0,0.8,,,
ad_level_fraction,proximity,>=2 physical Tail subunits,pou5f1,POU5F1,fold_204_pou5f1_fulltail,5.0,4.0,0.8,,,
ad_level_fraction,proximity,>=2 physical Tail subunits,pou5f1b,POU5F1B,fold_205_pou5f1b_fulltail,5.0,5.0,1.0,,,
ad_level_fraction,proximity,>=2 physical Tail subunits,pparg,PPARG,fold_206_pparg_fulltail,5.0,5.0,1.0,,,
ad_level_fraction,proximity,>=2 physical Tail subunits,ppargc1a,PPARGC1A,fold_207_ppargc1a_fulltail,5.0,5.0,1.0,,,
ad_level_fraction,proximity,>=2 physical Tail subunits,ppargc1b,PPARGC1B,fold_208_ppargc1b_fulltail,5.0,5.0,1.0,,,
ad_level_fraction,proximity,>=2 physical Tail subunits,ppm1f,PPM1F,fold_209_ppm1f_fulltail,4.0,2.0,0.5,,,
ad_level_fraction,proximity,>=2 physical Tail subunits,prmt2,PRMT2,fold_215_prmt2_fulltail,3.0,1.0,0.3333333333333333,,,
ad_level_fraction,proximity,>=2 physical Tail subunits,prmt3,PRMT3,fold_216_prmt3_fulltail,5.0,3.0,0.6,,,
ad_level_fraction,proximity,>=2 physical Tail subunits,prop1,PROP1,fold_218_prop1_fulltail,5.0,5.0,1.0,,,
ad_level_fraction,proximity,>=2 physical Tail subunits,rad54l2,RAD54L2,fold_220_rad54l2_fulltail,5.0,5.0,1.0,,,
ad_level_fraction,proximity,>=2 physical Tail subunits,rela,RELA,fold_222_rela_fulltail,5.0,5.0,1.0,,,
ad_level_fraction,proximity,>=2 physical Tail subunits,relb,RELB,fold_223_relb_fulltail,5.0,5.0,1.0,,,
ad_level_fraction,proximity,>=2 physical Tail subunits,rfx7,RFX7,fold_224_rfx7_fulltail,5.0,5.0,1.0,,,
ad_level_fraction,proximity,>=2 physical Tail subunits,senp3,SENP3,fold_225_senp3_fulltail,5.0,3.0,0.6,,,
ad_level_fraction,proximity,>=2 physical Tail subunits,setd2,SETD2,fold_228_setd2_fulltail,5.0,5.0,1.0,,,
ad_level_fraction,proximity,>=2 physical Tail subunits,smarca2,SMARCA2,fold_230_smarca2_fulltail,5.0,3.0,0.6,,,
ad_level_fraction,proximity,>=2 physical Tail subunits,smarca4,SMARCA4,fold_231_smarca4_fulltail,5.0,4.0,0.8,,,
ad_level_fraction,proximity,>=2 physical Tail subunits,sox11,SOX11,fold_234_sox11_fulltail,5.0,4.0,0.8,,,
ad_level_fraction,proximity,>=2 physical Tail subunits,sox12,SOX12,fold_235_sox12_fulltail,5.0,5.0,1.0,,,
ad_level_fraction,proximity,>=2 physical Tail subunits,sox18,SOX18,fold_236_sox18_fulltail,5.0,5.0,1.0,,,
ad_level_fraction,proximity,>=2 physical Tail subunits,sox2,SOX2,fold_237_sox2_fulltail,5.0,5.0,1.0,,,
ad_level_fraction,proximity,>=2 physical Tail subunits,sox4,SOX4,fold_238_sox4_fulltail,5.0,5.0,1.0,,,
ad_level_fraction,proximity,>=2 physical Tail subunits,sox7,SOX7,fold_239_sox7_fulltail,5.0,5.0,1.0,,,
ad_level_fraction,proximity,>=2 physical Tail subunits,sox8,SOX8,fold_240_sox8_fulltail,5.0,4.0,0.8,,,
ad_level_fraction,proximity,>=2 physical Tail subunits,sox9,SOX9,fold_241_sox9_fulltail,5.0,3.0,0.6,,,
ad_level_fraction,proximity,>=2 physical Tail subunits,sp6,SP6,fold_242_sp6_fulltail,5.0,5.0,1.0,,,
ad_level_fraction,proximity,>=2 physical Tail subunits,sp9,SP9,fold_243_sp9_fulltail,5.0,5.0,1.0,,,
ad_level_fraction,proximity,>=2 physical Tail subunits,spi1,SPI1,fold_244_spi1_fulltail,5.0,5.0,1.0,,,
ad_level_fraction,proximity,>=2 physical Tail subunits,spic,SPIC,fold_245_spic_fulltail,5.0,4.0,0.8,,,
ad_level_fraction,proximity,>=2 physical Tail subunits,spocd1,SPOCD1,fold_246_spocd1_fulltail,5.0,5.0,1.0,,,
ad_level_fraction,proximity,>=2 physical Tail subunits,srebf1,SREBF1,fold_248_srebf1_fulltail,5.0,5.0,1.0,,,
ad_level_fraction,proximity,>=2 physical Tail subunits,srebf2,SREBF2,fold_249_srebf2_fulltail,4.0,4.0,1.0,,,
ad_level_fraction,proximity,>=2 physical Tail subunits,stat6,STAT6,fold_252_stat6_fulltail,5.0,4.0,0.8,,,
ad_level_fraction,proximity,>=2 physical Tail subunits,tada2a,TADA2A,fold_253_tada2a_fulltail,3.0,1.0,0.3333333333333333,,,
ad_level_fraction,proximity,>=2 physical Tail subunits,taf6l,TAF6L,fold_255_taf6l_fulltail,5.0,5.0,1.0,,,
ad_level_fraction,proximity,>=2 physical Tail subunits,tbpl2,TBPL2,fold_256_tbpl2_fulltail,5.0,4.0,0.8,,,
ad_level_fraction,proximity,>=2 physical Tail subunits,tbx22,TBX22,fold_257_tbx22_fulltail,5.0,5.0,1.0,,,
ad_level_fraction,proximity,>=2 physical Tail subunits,tbx4,TBX4,fold_258_tbx4_fulltail,5.0,5.0,1.0,,,
ad_level_fraction,proximity,>=2 physical Tail subunits,tdrd5,TDRD5,fold_259_tdrd5_fulltail,5.0,5.0,1.0,,,
ad_level_fraction,proximity,>=2 physical Tail subunits,tef,TEF,fold_260_tef_fulltail,5.0,5.0,1.0,,,
ad_level_fraction,proximity,>=2 physical Tail subunits,tet2,TET2,fold_261_tet2_fulltail,5.0,5.0,1.0,,,
ad_level_fraction,proximity,>=2 physical Tail subunits,tfap2d,TFAP2D,fold_262_tfap2d_fulltail,5.0,5.0,1.0,,,
ad_level_fraction,proximity,>=2 physical Tail subunits,tfe3,TFE3,fold_264_tfe3_fulltail,5.0,5.0,1.0,,,
ad_level_fraction,proximity,>=2 physical Tail subunits,tfec,TFEC,fold_265_tfec_fulltail,5.0,5.0,1.0,,,
ad_level_fraction,proximity,>=2 physical Tail subunits,thrb,THRB,fold_266_thrb_fulltail,5.0,5.0,1.0,,,
ad_level_fraction,proximity,>=2 physical Tail subunits,tigd1,TIGD1,fold_267_tigd1_fulltail,5.0,4.0,0.8,,,
ad_level_fraction,proximity,>=2 physical Tail subunits,tp53,TP53,fold_270_tp53_fulltail,4.0,3.0,0.75,,,
ad_level_fraction,proximity,>=2 physical Tail subunits,tp63,TP63,fold_271_tp63_fulltail,5.0,5.0,1.0,,,
ad_level_fraction,proximity,>=2 physical Tail subunits,tp73,TP73,fold_272_tp73_fulltail,5.0,5.0,1.0,,,
ad_level_fraction,proximity,>=2 physical Tail subunits,tprx1,TPRX1,fold_273_tprx1_fulltail,5.0,5.0,1.0,,,
ad_level_fraction,proximity,>=2 physical Tail subunits,trafd1,TRAFD1,fold_274_trafd1_fulltail,5.0,2.0,0.4,,,
ad_level_fraction,proximity,>=2 physical Tail subunits,trerf1,TRERF1,fold_275_trerf1_fulltail,5.0,5.0,1.0,,,
ad_level_fraction,proximity,>=2 physical Tail subunits,ubn1,UBN1,fold_277_ubn1_fulltail,5.0,5.0,1.0,,,
ad_level_fraction,proximity,>=2 physical Tail subunits,xbp1,XBP1,fold_281_xbp1_fulltail,5.0,3.0,0.6,,,
ad_level_fraction,proximity,>=2 physical Tail subunits,yy2,YY2,fold_282_yy2_fulltail,5.0,2.0,0.4,,,
ad_level_fraction,proximity,>=2 physical Tail subunits,zbed6,ZBED6,fold_283_zbed6_fulltail,5.0,2.0,0.4,,,
ad_level_fraction,proximity,>=2 physical Tail subunits,zbtb44,ZBTB44,fold_284_zbtb44_fulltail,5.0,5.0,1.0,,,
ad_level_fraction,proximity,>=2 physical Tail subunits,zfhx4,ZFHX4,fold_285_zfhx4_fulltail,5.0,5.0,1.0,,,
ad_level_fraction,proximity,>=2 physical Tail subunits,zmym3,ZMYM3,fold_286_zmym3_fulltail,5.0,5.0,1.0,,,
ad_level_fraction,proximity,>=2 physical Tail subunits,znf200,ZNF200,fold_287_znf200_fulltail,5.0,5.0,1.0,,,
ad_level_fraction,proximity,>=2 physical Tail subunits,znf280d,ZNF280D,fold_288_znf280d_fulltail,5.0,1.0,0.2,,,
ad_level_fraction,proximity,>=2 physical Tail subunits,znf469,ZNF469,fold_289_znf469_fulltail,5.0,5.0,1.0,,,
ad_level_fraction,proximity,>=2 physical Tail subunits,znf532,ZNF532,fold_290_znf532_fulltail,5.0,5.0,1.0,,,
ad_level_fraction,proximity,>=2 physical Tail subunits,znf592,ZNF592,fold_291_znf592_fulltail,5.0,5.0,1.0,,,
ad_level_fraction,proximity,>=2 physical Tail subunits,znf644,ZNF644,fold_292_znf644_fulltail,4.0,1.0,0.25,,,
ad_level_fraction,proximity,>=2 physical Tail subunits,znf687,ZNF687,fold_293_znf687_fulltail,5.0,0.0,0.0,,,
ad_level_fraction,proximity,>=2 physical Tail subunits,zscan20,ZSCAN20,fold_294_zscan20_fulltail,5.0,1.0,0.2,,,
ad_level_fraction,strict_hydrophobic,>=2 physical Tail subunits,ahr,AHR,fold_3_ahr_fulltail,5.0,5.0,1.0,,,
ad_level_fraction,strict_hydrophobic,>=2 physical Tail subunits,akap8,AKAP8,fold_4_akap8_fulltail,5.0,5.0,1.0,,,
ad_level_fraction,strict_hydrophobic,>=2 physical Tail subunits,akap8l,AKAP8L,fold_5_akap8l_fulltail,5.0,4.0,0.8,,,
ad_level_fraction,strict_hydrophobic,>=2 physical Tail subunits,apbb1,APBB1,fold_6_apbb1_fulltail,5.0,2.0,0.4,,,
ad_level_fraction,strict_hydrophobic,>=2 physical Tail subunits,apbb3,APBB3,fold_7_apbb3_fulltail,3.0,3.0,1.0,,,
ad_level_fraction,strict_hydrophobic,>=2 physical Tail subunits,apobec4,APOBEC4,fold_8_apobec4_fulltail,5.0,0.0,0.0,,,
ad_level_fraction,strict_hydrophobic,>=2 physical Tail subunits,argfx,ARGFX,fold_9_argfx_fulltail,4.0,3.0,0.75,,,
ad_level_fraction,strict_hydrophobic,>=2 physical Tail subunits,arntl,ARNTL,fold_10_arntl_fulltail,5.0,5.0,1.0,,,
ad_level_fraction,strict_hydrophobic,>=2 physical Tail subunits,arntl2,ARNTL2,fold_11_arntl2_fulltail,5.0,1.0,0.2,,,
ad_level_fraction,strict_hydrophobic,>=2 physical Tail subunits,asxl2,ASXL2,fold_12_asxl2_fulltail,4.0,4.0,1.0,,,
ad_level_fraction,strict_hydrophobic,>=2 physical Tail subunits,asxl3,ASXL3,fold_13_asxl3_fulltail,5.0,2.0,0.4,,,
ad_level_fraction,strict_hydrophobic,>=2 physical Tail subunits,atad5,ATAD5,fold_14_atad5_fulltail,5.0,5.0,1.0,,,
ad_level_fraction,strict_hydrophobic,>=2 physical Tail subunits,atf4,ATF4,fold_15_atf4_fulltail,5.0,5.0,1.0,,,
ad_level_fraction,strict_hydrophobic,>=2 physical Tail subunits,atf5,ATF5,fold_16_atf5_fulltail,5.0,5.0,1.0,,,
ad_level_fraction,strict_hydrophobic,>=2 physical Tail subunits,atf6,ATF6,fold_17_atf6_fulltail,5.0,5.0,1.0,,,
ad_level_fraction,strict_hydrophobic,>=2 physical Tail subunits,atf6b,ATF6B,fold_18_atf6b_fulltail,5.0,3.0,0.6,,,
ad_level_fraction,strict_hydrophobic,>=2 physical Tail subunits,atmin,ATMIN,fold_19_atmin_fulltail,5.0,5.0,1.0,,,
ad_level_fraction,strict_hydrophobic,>=2 physical Tail subunits,bhlhe23,BHLHE23,fold_20_bhlhe23_fulltail,3.0,1.0,0.3333333333333333,,,
ad_level_fraction,strict_hydrophobic,>=2 physical Tail subunits,brd2,BRD2,fold_21_brd2_fulltail,5.0,0.0,0.0,,,
ad_level_fraction,strict_hydrophobic,>=2 physical Tail subunits,brd3,BRD3,fold_22_brd3_fulltail,5.0,1.0,0.2,,,
ad_level_fraction,strict_hydrophobic,>=2 physical Tail subunits,brd4,BRD4,fold_23_brd4_fulltail,5.0,0.0,0.0,,,
ad_level_fraction,strict_hydrophobic,>=2 physical Tail subunits,brd8,BRD8,fold_25_brd8_fulltail,5.0,3.0,0.6,,,
ad_level_fraction,strict_hydrophobic,>=2 physical Tail subunits,brwd3,BRWD3,fold_26_brwd3_fulltail,5.0,0.0,0.0,,,
ad_level_fraction,strict_hydrophobic,>=2 physical Tail subunits,camta1,CAMTA1,fold_27_camta1_fulltail,5.0,5.0,1.0,,,
ad_level_fraction,strict_hydrophobic,>=2 physical Tail subunits,camta2,CAMTA2,fold_28_camta2_fulltail,4.0,4.0,1.0,,,
ad_level_fraction,strict_hydrophobic,>=2 physical Tail subunits,cdca4,CDCA4,fold_30_cdca4_fulltail,5.0,5.0,1.0,,,
ad_level_fraction,strict_hydrophobic,>=2 physical Tail subunits,cdx2,CDX2,fold_32_cdx2_fulltail,5.0,5.0,1.0,,,
ad_level_fraction,strict_hydrophobic,>=2 physical Tail subunits,cdx4,CDX4,fold_33_cdx4_fulltail,5.0,5.0,1.0,,,
ad_level_fraction,strict_hydrophobic,>=2 physical Tail subunits,cebpa,CEBPA,fold_34_cebpa_fulltail,5.0,3.0,0.6,,,
ad_level_fraction,strict_hydrophobic,>=2 physical Tail subunits,cebpd,CEBPD,fold_35_cebpd_fulltail,5.0,1.0,0.2,,,
ad_level_fraction,strict_hydrophobic,>=2 physical Tail subunits,chd1l,CHD1L,fold_36_chd1l_fulltail,5.0,5.0,1.0,,,
ad_level_fraction,strict_hydrophobic,>=2 physical Tail subunits,chd2,CHD2,fold_37_chd2_fulltail,5.0,5.0,1.0,,,
ad_level_fraction,strict_hydrophobic,>=2 physical Tail subunits,chd9,CHD9,fold_39_chd9_fulltail,5.0,3.0,0.6,,,
ad_level_fraction,strict_hydrophobic,>=2 physical Tail subunits,chek2,CHEK2,fold_40_chek2_fulltail,4.0,1.0,0.25,,,
ad_level_fraction,strict_hydrophobic,>=2 physical Tail subunits,creb3,CREB3,fold_41_creb3_fulltail,5.0,4.0,0.8,,,
ad_level_fraction,strict_hydrophobic,>=2 physical Tail subunits,creb3l1,CREB3L1,fold_42_creb3l1_fulltail,5.0,4.0,0.8,,,
ad_level_fraction,strict_hydrophobic,>=2 physical Tail subunits,creb3l2,CREB3L2,fold_43_creb3l2_fulltail,5.0,5.0,1.0,,,
ad_level_fraction,strict_hydrophobic,>=2 physical Tail subunits,creb3l3,CREB3L3,fold_44_creb3l3_fulltail,5.0,4.0,0.8,,,
ad_level_fraction,strict_hydrophobic,>=2 physical Tail subunits,creb3l4,CREB3L4,fold_45_creb3l4_fulltail,5.0,4.0,0.8,,,
ad_level_fraction,strict_hydrophobic,>=2 physical Tail subunits,crebbp,CREBBP,fold_46_crebbp_fulltail,5.0,5.0,1.0,,,
ad_level_fraction,strict_hydrophobic,>=2 physical Tail subunits,crebzf,CREBZF,fold_47_crebzf_fulltail,5.0,0.0,0.0,,,
ad_level_fraction,strict_hydrophobic,>=2 physical Tail subunits,crx,CRX,fold_48_crx_fulltail,5.0,5.0,1.0,,,
ad_level_fraction,strict_hydrophobic,>=2 physical Tail subunits,csrnp1,CSRNP1,fold_49_csrnp1_fulltail,5.0,5.0,1.0,,,
ad_level_fraction,strict_hydrophobic,>=2 physical Tail subunits,ctc1,CTC1,fold_50_ctc1_fulltail,5.0,3.0,0.6,,,
ad_level_fraction,strict_hydrophobic,>=2 physical Tail subunits,cxxc1,CXXC1,fold_51_cxxc1_fulltail,5.0,5.0,1.0,,,
ad_level_fraction,strict_hydrophobic,>=2 physical Tail subunits,ddit3,DDIT3,fold_52_ddit3_fulltail,5.0,2.0,0.4,,,
ad_level_fraction,strict_hydrophobic,>=2 physical Tail subunits,dlx3,DLX3,fold_53_dlx3_fulltail,5.0,3.0,0.6,,,
ad_level_fraction,strict_hydrophobic,>=2 physical Tail subunits,dmrt1,DMRT1,fold_54_dmrt1_fulltail,5.0,5.0,1.0,,,
ad_level_fraction,strict_hydrophobic,>=2 physical Tail subunits,dux4,DUX4,fold_55_dux4_fulltail,5.0,3.0,0.6,,,
ad_level_fraction,strict_hydrophobic,>=2 physical Tail subunits,e2f1,E2F1,fold_56_e2f1_fulltail,5.0,4.0,0.8,,,
ad_level_fraction,strict_hydrophobic,>=2 physical Tail subunits,e2f2,E2F2,fold_57_e2f2_fulltail,5.0,0.0,0.0,,,
ad_level_fraction,strict_hydrophobic,>=2 physical Tail subunits,e2f3,E2F3,fold_58_e2f3_fulltail,2.0,2.0,1.0,,,
ad_level_fraction,strict_hydrophobic,>=2 physical Tail subunits,egr3,EGR3,fold_62_egr3_fulltail,5.0,4.0,0.8,,,
ad_level_fraction,strict_hydrophobic,>=2 physical Tail subunits,egr4,EGR4,fold_63_egr4_fulltail,5.0,4.0,0.8,,,
ad_level_fraction,strict_hydrophobic,>=2 physical Tail subunits,elf3,ELF3,fold_64_elf3_fulltail,5.0,5.0,1.0,,,
ad_level_fraction,strict_hydrophobic,>=2 physical Tail subunits,elk1,ELK1,fold_65_elk1_fulltail,5.0,5.0,1.0,,,
ad_level_fraction,strict_hydrophobic,>=2 physical Tail subunits,ep300,EP300,fold_67_ep300_fulltail,5.0,5.0,1.0,,,
ad_level_fraction,strict_hydrophobic,>=2 physical Tail subunits,ep400,EP400,fold_68_ep400_fulltail,5.0,5.0,1.0,,,
ad_level_fraction,strict_hydrophobic,>=2 physical Tail subunits,erg,ERG,fold_71_erg_fulltail,5.0,4.0,0.8,,,
ad_level_fraction,strict_hydrophobic,>=2 physical Tail subunits,esr1,ESR1,fold_72_esr1_fulltail,5.0,5.0,1.0,,,
ad_level_fraction,strict_hydrophobic,>=2 physical Tail subunits,ets1,ETS1,fold_73_ets1_fulltail,5.0,5.0,1.0,,,
ad_level_fraction,strict_hydrophobic,>=2 physical Tail subunits,ets2,ETS2,fold_74_ets2_fulltail,4.0,3.0,0.75,,,
ad_level_fraction,strict_hydrophobic,>=2 physical Tail subunits,etv1,ETV1,fold_75_etv1_fulltail,5.0,1.0,0.2,,,
ad_level_fraction,strict_hydrophobic,>=2 physical Tail subunits,etv2,ETV2,fold_76_etv2_fulltail,5.0,5.0,1.0,,,
ad_level_fraction,strict_hydrophobic,>=2 physical Tail subunits,etv3,ETV3,fold_77_etv3_fulltail,5.0,2.0,0.4,,,
ad_level_fraction,strict_hydrophobic,>=2 physical Tail subunits,etv4,ETV4,fold_78_etv4_fulltail,5.0,1.0,0.2,,,
ad_level_fraction,strict_hydrophobic,>=2 physical Tail subunits,etv5,ETV5,fold_79_etv5_fulltail,5.0,2.0,0.4,,,
ad_level_fraction,strict_hydrophobic,>=2 physical Tail subunits,eya1,EYA1,fold_81_eya1_fulltail,5.0,5.0,1.0,,,
ad_level_fraction,strict_hydrophobic,>=2 physical Tail subunits,eya2,EYA2,fold_82_eya2_fulltail,5.0,5.0,1.0,,,
ad_level_fraction,strict_hydrophobic,>=2 physical Tail subunits,eya3,EYA3,fold_83_eya3_fulltail,5.0,5.0,1.0,,,
ad_level_fraction,strict_hydrophobic,>=2 physical Tail subunits,eya4,EYA4,fold_84_eya4_fulltail,5.0,5.0,1.0,,,
ad_level_fraction,strict_hydrophobic,>=2 physical Tail subunits,fos,FOS,fold_85_fos_fulltail,5.0,5.0,1.0,,,
ad_level_fraction,strict_hydrophobic,>=2 physical Tail subunits,foxi1,FOXI1,fold_86_foxi1_fulltail,5.0,5.0,1.0,,,
ad_level_fraction,strict_hydrophobic,>=2 physical Tail subunits,foxj1,FOXJ1,fold_87_foxj1_fulltail,4.0,4.0,1.0,,,
ad_level_fraction,strict_hydrophobic,>=2 physical Tail subunits,foxj3,FOXJ3,fold_88_foxj3_fulltail,5.0,2.0,0.4,,,
ad_level_fraction,strict_hydrophobic,>=2 physical Tail subunits,foxm1,FOXM1,fold_89_foxm1_fulltail,5.0,2.0,0.4,,,
ad_level_fraction,strict_hydrophobic,>=2 physical Tail subunits,foxn1,FOXN1,fold_90_foxn1_fulltail,5.0,4.0,0.8,,,
ad_level_fraction,strict_hydrophobic,>=2 physical Tail subunits,foxn2,FOXN2,fold_91_foxn2_fulltail,5.0,4.0,0.8,,,
ad_level_fraction,strict_hydrophobic,>=2 physical Tail subunits,foxn4,FOXN4,fold_92_foxn4_fulltail,5.0,5.0,1.0,,,
ad_level_fraction,strict_hydrophobic,>=2 physical Tail subunits,foxo1,FOXO1,fold_93_foxo1_fulltail,5.0,3.0,0.6,,,
ad_level_fraction,strict_hydrophobic,>=2 physical Tail subunits,foxo3,FOXO3,fold_94_foxo3_fulltail,5.0,3.0,0.6,,,
ad_level_fraction,strict_hydrophobic,>=2 physical Tail subunits,foxo4,FOXO4,fold_95_foxo4_fulltail,5.0,0.0,0.0,,,
ad_level_fraction,strict_hydrophobic,>=2 physical Tail subunits,foxo6,FOXO6,fold_96_foxo6_fulltail,5.0,4.0,0.8,,,
ad_level_fraction,strict_hydrophobic,>=2 physical Tail subunits,foxr1,FOXR1,fold_97_foxr1_fulltail,4.0,2.0,0.5,,,
ad_level_fraction,strict_hydrophobic,>=2 physical Tail subunits,foxr2,FOXR2,fold_98_foxr2_fulltail,5.0,1.0,0.2,,,
ad_level_fraction,strict_hydrophobic,>=2 physical Tail subunits,gata6,GATA6,fold_99_gata6_fulltail,5.0,5.0,1.0,,,
ad_level_fraction,strict_hydrophobic,>=2 physical Tail subunits,gcm1,GCM1,fold_100_gcm1_fulltail,5.0,5.0,1.0,,,
ad_level_fraction,strict_hydrophobic,>=2 physical Tail subunits,gmeb2,GMEB2,fold_101_gmeb2_fulltail,5.0,5.0,1.0,,,
ad_level_fraction,strict_hydrophobic,>=2 physical Tail subunits,grhl1,GRHL1,fold_102_grhl1_fulltail,5.0,5.0,1.0,,,
ad_level_fraction,strict_hydrophobic,>=2 physical Tail subunits,grhl2,GRHL2,fold_103_grhl2_fulltail,4.0,2.0,0.5,,,
ad_level_fraction,strict_hydrophobic,>=2 physical Tail subunits,grhl3,GRHL3,fold_104_grhl3_fulltail,5.0,3.0,0.6,,,
ad_level_fraction,strict_hydrophobic,>=2 physical Tail subunits,hbp1,HBP1,fold_105_hbp1_fulltail,5.0,4.0,0.8,,,
ad_level_fraction,strict_hydrophobic,>=2 physical Tail subunits,hlf,HLF,fold_108_hlf_fulltail,5.0,5.0,1.0,,,
ad_level_fraction,strict_hydrophobic,>=2 physical Tail subunits,hoxa13,HOXA13,fold_109_hoxa13_fulltail,5.0,5.0,1.0,,,
ad_level_fraction,strict_hydrophobic,>=2 physical Tail subunits,hoxa2,HOXA2,fold_110_hoxa2_fulltail,5.0,2.0,0.4,,,
ad_level_fraction,strict_hydrophobic,>=2 physical Tail subunits,hoxa6,HOXA6,fold_111_hoxa6_fulltail,5.0,5.0,1.0,,,
ad_level_fraction,strict_hydrophobic,>=2 physical Tail subunits,hoxb13,HOXB13,fold_112_hoxb13_fulltail,5.0,5.0,1.0,,,
ad_level_fraction,strict_hydrophobic,>=2 physical Tail subunits,hoxb2,HOXB2,fold_113_hoxb2_fulltail,5.0,3.0,0.6,,,
ad_level_fraction,strict_hydrophobic,>=2 physical Tail subunits,hoxb6,HOXB6,fold_114_hoxb6_fulltail,5.0,5.0,1.0,,,
ad_level_fraction,strict_hydrophobic,>=2 physical Tail subunits,hoxd13,HOXD13,fold_115_hoxd13_fulltail,5.0,5.0,1.0,,,
ad_level_fraction,strict_hydrophobic,>=2 physical Tail subunits,hsf1,HSF1,fold_116_hsf1_fulltail,5.0,3.0,0.6,,,
ad_level_fraction,strict_hydrophobic,>=2 physical Tail subunits,hsf5,HSF5,fold_117_hsf5_fulltail,5.0,5.0,1.0,,,
ad_level_fraction,strict_hydrophobic,>=2 physical Tail subunits,huwe1,HUWE1,fold_118_huwe1_fulltail,5.0,0.0,0.0,,,
ad_level_fraction,strict_hydrophobic,>=2 physical Tail subunits,ino80d,INO80D,fold_119_ino80d_fulltail,5.0,5.0,1.0,,,
ad_level_fraction,strict_hydrophobic,>=2 physical Tail subunits,irf1,IRF1,fold_120_irf1_fulltail,5.0,5.0,1.0,,,
ad_level_fraction,strict_hydrophobic,>=2 physical Tail subunits,irf2,IRF2,fold_121_irf2_fulltail,5.0,3.0,0.6,,,
ad_level_fraction,strict_hydrophobic,>=2 physical Tail subunits,irx4,IRX4,fold_122_irx4_fulltail,5.0,5.0,1.0,,,
ad_level_fraction,strict_hydrophobic,>=2 physical Tail subunits,jrkl,JRKL,fold_128_jrkl_fulltail,5.0,4.0,0.8,,,
ad_level_fraction,strict_hydrophobic,>=2 physical Tail subunits,kat14,KAT14,fold_129_kat14_fulltail,5.0,2.0,0.4,,,
ad_level_fraction,strict_hydrophobic,>=2 physical Tail subunits,kat6b,KAT6B,fold_130_kat6b_fulltail,5.0,5.0,1.0,,,
ad_level_fraction,strict_hydrophobic,>=2 physical Tail subunits,kdm3b,KDM3B,fold_131_kdm3b_fulltail,5.0,5.0,1.0,,,
ad_level_fraction,strict_hydrophobic,>=2 physical Tail subunits,kdm5b,KDM5B,fold_132_kdm5b_fulltail,4.0,3.0,0.75,,,
ad_level_fraction,strict_hydrophobic,>=2 physical Tail subunits,klf15,KLF15,fold_134_klf15_fulltail,5.0,5.0,1.0,,,
ad_level_fraction,strict_hydrophobic,>=2 physical Tail subunits,klf4,KLF4,fold_135_klf4_fulltail,5.0,4.0,0.8,,,
ad_level_fraction,strict_hydrophobic,>=2 physical Tail subunits,klf5,KLF5,fold_136_klf5_fulltail,5.0,5.0,1.0,,,
ad_level_fraction,strict_hydrophobic,>=2 physical Tail subunits,kmt2a,KMT2A,fold_138_kmt2a_fulltail,5.0,4.0,0.8,,,
ad_level_fraction,strict_hydrophobic,>=2 physical Tail subunits,kmt2c,KMT2C,fold_139_kmt2c_fulltail,5.0,5.0,1.0,,,
ad_level_fraction,strict_hydrophobic,>=2 physical Tail subunits,kmt2d,KMT2D,fold_140_kmt2d_fulltail,4.0,2.0,0.5,,,
ad_level_fraction,strict_hydrophobic,>=2 physical Tail subunits,las1l,LAS1L,fold_142_las1l_fulltail,5.0,3.0,0.6,,,
ad_level_fraction,strict_hydrophobic,>=2 physical Tail subunits,leutx,LEUTX,fold_143_leutx_fulltail,5.0,1.0,0.2,,,
ad_level_fraction,strict_hydrophobic,>=2 physical Tail subunits,lhx1,LHX1,fold_144_lhx1_fulltail,5.0,5.0,1.0,,,
ad_level_fraction,strict_hydrophobic,>=2 physical Tail subunits,lmx1a,LMX1A,fold_145_lmx1a_fulltail,5.0,5.0,1.0,,,
ad_level_fraction,strict_hydrophobic,>=2 physical Tail subunits,mga,MGA,fold_148_mga_fulltail,5.0,5.0,1.0,,,
ad_level_fraction,strict_hydrophobic,>=2 physical Tail subunits,mitf,MITF,fold_149_mitf_fulltail,5.0,5.0,1.0,,,
ad_level_fraction,strict_hydrophobic,>=2 physical Tail subunits,mlxip,MLXIP,fold_150_mlxip_fulltail,4.0,3.0,0.75,,,
ad_level_fraction,strict_hydrophobic,>=2 physical Tail subunits,mlxipl,MLXIPL,fold_151_mlxipl_fulltail,5.0,5.0,1.0,,,
ad_level_fraction,strict_hydrophobic,>=2 physical Tail subunits,msl2,MSL2,fold_153_msl2_fulltail,5.0,1.0,0.2,,,
ad_level_fraction,strict_hydrophobic,>=2 physical Tail subunits,mterf3,MTERF3,fold_155_mterf3_fulltail,4.0,3.0,0.75,,,
ad_level_fraction,strict_hydrophobic,>=2 physical Tail subunits,myb,MYB,fold_156_myb_fulltail,5.0,1.0,0.2,,,
ad_level_fraction,strict_hydrophobic,>=2 physical Tail subunits,mybl1,MYBL1,fold_157_mybl1_fulltail,5.0,2.0,0.4,,,
ad_level_fraction,strict_hydrophobic,>=2 physical Tail subunits,mybl2,MYBL2,fold_158_mybl2_fulltail,5.0,5.0,1.0,,,
ad_level_fraction,strict_hydrophobic,>=2 physical Tail subunits,myc,MYC,fold_159_myc_fulltail,5.0,1.0,0.2,,,
ad_level_fraction,strict_hydrophobic,>=2 physical Tail subunits,mycl,MYCL,fold_160_mycl_fulltail,5.0,4.0,0.8,,,
ad_level_fraction,strict_hydrophobic,>=2 physical Tail subunits,mycn,MYCN,fold_161_mycn_fulltail,5.0,5.0,1.0,,,
ad_level_fraction,strict_hydrophobic,>=2 physical Tail subunits,myod1,MYOD1,fold_162_myod1_fulltail,5.0,3.0,0.6,,,
ad_level_fraction,strict_hydrophobic,>=2 physical Tail subunits,myrfl,MYRFL,fold_163_myrfl_fulltail,5.0,4.0,0.8,,,
ad_level_fraction,strict_hydrophobic,>=2 physical Tail subunits,myt1l,MYT1L,fold_164_myt1l_fulltail,5.0,3.0,0.6,,,
ad_level_fraction,strict_hydrophobic,>=2 physical Tail subunits,nanog,NANOG,fold_165_nanog_fulltail,5.0,4.0,0.8,,,
ad_level_fraction,strict_hydrophobic,>=2 physical Tail subunits,nanogp8,NANOGP8,fold_166_nanogp8_fulltail,5.0,4.0,0.8,,,
ad_level_fraction,strict_hydrophobic,>=2 physical Tail subunits,ncoa1,NCOA1,fold_168_ncoa1_fulltail,5.0,1.0,0.2,,,
ad_level_fraction,strict_hydrophobic,>=2 physical Tail subunits,ncoa2,NCOA2,fold_169_ncoa2_fulltail,5.0,5.0,1.0,,,
ad_level_fraction,strict_hydrophobic,>=2 physical Tail subunits,ncoa3,NCOA3,fold_170_ncoa3_fulltail,5.0,4.0,0.8,,,
ad_level_fraction,strict_hydrophobic,>=2 physical Tail subunits,neurog3,NEUROG3,fold_172_neurog3_fulltail,5.0,4.0,0.8,,,
ad_level_fraction,strict_hydrophobic,>=2 physical Tail subunits,nfat5,NFAT5,fold_173_nfat5_fulltail,5.0,3.0,0.6,,,
ad_level_fraction,strict_hydrophobic,>=2 physical Tail subunits,nfatc2,NFATC2,fold_174_nfatc2_fulltail,5.0,4.0,0.8,,,
ad_level_fraction,strict_hydrophobic,>=2 physical Tail subunits,nfe2,NFE2,fold_175_nfe2_fulltail,5.0,5.0,1.0,,,
ad_level_fraction,strict_hydrophobic,>=2 physical Tail subunits,nfe2l1,NFE2L1,fold_176_nfe2l1_fulltail,4.0,4.0,1.0,,,
ad_level_fraction,strict_hydrophobic,>=2 physical Tail subunits,nfe2l2,NFE2L2,fold_177_nfe2l2_fulltail,5.0,5.0,1.0,,,
ad_level_fraction,strict_hydrophobic,>=2 physical Tail subunits,nfe2l3,NFE2L3,fold_178_nfe2l3_fulltail,5.0,5.0,1.0,,,
ad_level_fraction,strict_hydrophobic,>=2 physical Tail subunits,nobox,NOBOX,fold_182_nobox_fulltail,5.0,5.0,1.0,,,
ad_level_fraction,strict_hydrophobic,>=2 physical Tail subunits,npas4,NPAS4,fold_183_npas4_fulltail,5.0,5.0,1.0,,,
ad_level_fraction,strict_hydrophobic,>=2 physical Tail subunits,nr1h4,NR1H4,fold_184_nr1h4_fulltail,5.0,5.0,1.0,,,
ad_level_fraction,strict_hydrophobic,>=2 physical Tail subunits,nr3c1,NR3C1,fold_185_nr3c1_fulltail,4.0,3.0,0.75,,,
ad_level_fraction,strict_hydrophobic,>=2 physical Tail subunits,nr4a1,NR4A1,fold_186_nr4a1_fulltail,4.0,4.0,1.0,,,
ad_level_fraction,strict_hydrophobic,>=2 physical Tail subunits,nr4a2,NR4A2,fold_187_nr4a2_fulltail,5.0,4.0,0.8,,,
ad_level_fraction,strict_hydrophobic,>=2 physical Tail subunits,oga,OGA,fold_189_oga_fulltail,5.0,1.0,0.2,,,
ad_level_fraction,strict_hydrophobic,>=2 physical Tail subunits,pagr1,PAGR1,fold_191_pagr1_fulltail,5.0,1.0,0.2,,,
ad_level_fraction,strict_hydrophobic,>=2 physical Tail subunits,parp3,PARP3,fold_192_parp3_fulltail,5.0,0.0,0.0,,,
ad_level_fraction,strict_hydrophobic,>=2 physical Tail subunits,pax8,PAX8,fold_193_pax8_fulltail,5.0,5.0,1.0,,,
ad_level_fraction,strict_hydrophobic,>=2 physical Tail subunits,phf19,PHF19,fold_195_phf19_fulltail,5.0,1.0,0.2,,,
ad_level_fraction,strict_hydrophobic,>=2 physical Tail subunits,phf20l1,PHF20L1,fold_196_phf20l1_fulltail,4.0,2.0,0.5,,,
ad_level_fraction,strict_hydrophobic,>=2 physical Tail subunits,phox2a,PHOX2A,fold_198_phox2a_fulltail,5.0,5.0,1.0,,,
ad_level_fraction,strict_hydrophobic,>=2 physical Tail subunits,plag1,PLAG1,fold_199_plag1_fulltail,5.0,5.0,1.0,,,
ad_level_fraction,strict_hydrophobic,>=2 physical Tail subunits,plagl1,PLAGL1,fold_200_plagl1_fulltail,5.0,5.0,1.0,,,
ad_level_fraction,strict_hydrophobic,>=2 physical Tail subunits,plagl2,PLAGL2,fold_201_plagl2_fulltail,5.0,4.0,0.8,,,
ad_level_fraction,strict_hydrophobic,>=2 physical Tail subunits,plscr1,PLSCR1,fold_202_plscr1_fulltail,5.0,0.0,0.0,,,
ad_level_fraction,strict_hydrophobic,>=2 physical Tail subunits,pou2af1,POU2AF1,fold_203_pou2af1_fulltail,5.0,3.0,0.6,,,
ad_level_fraction,strict_hydrophobic,>=2 physical Tail subunits,pou5f1,POU5F1,fold_204_pou5f1_fulltail,5.0,3.0,0.6,,,
ad_level_fraction,strict_hydrophobic,>=2 physical Tail subunits,pou5f1b,POU5F1B,fold_205_pou5f1b_fulltail,5.0,3.0,0.6,,,
ad_level_fraction,strict_hydrophobic,>=2 physical Tail subunits,pparg,PPARG,fold_206_pparg_fulltail,5.0,4.0,0.8,,,
ad_level_fraction,strict_hydrophobic,>=2 physical Tail subunits,ppargc1a,PPARGC1A,fold_207_ppargc1a_fulltail,5.0,5.0,1.0,,,
ad_level_fraction,strict_hydrophobic,>=2 physical Tail subunits,ppargc1b,PPARGC1B,fold_208_ppargc1b_fulltail,5.0,5.0,1.0,,,
ad_level_fraction,strict_hydrophobic,>=2 physical Tail subunits,ppm1f,PPM1F,fold_209_ppm1f_fulltail,4.0,0.0,0.0,,,
ad_level_fraction,strict_hydrophobic,>=2 physical Tail subunits,prmt2,PRMT2,fold_215_prmt2_fulltail,3.0,0.0,0.0,,,
ad_level_fraction,strict_hydrophobic,>=2 physical Tail subunits,prmt3,PRMT3,fold_216_prmt3_fulltail,5.0,0.0,0.0,,,
ad_level_fraction,strict_hydrophobic,>=2 physical Tail subunits,prop1,PROP1,fold_218_prop1_fulltail,5.0,5.0,1.0,,,
ad_level_fraction,strict_hydrophobic,>=2 physical Tail subunits,rad54l2,RAD54L2,fold_220_rad54l2_fulltail,5.0,5.0,1.0,,,
ad_level_fraction,strict_hydrophobic,>=2 physical Tail subunits,rela,RELA,fold_222_rela_fulltail,5.0,5.0,1.0,,,
ad_level_fraction,strict_hydrophobic,>=2 physical Tail subunits,relb,RELB,fold_223_relb_fulltail,5.0,5.0,1.0,,,
ad_level_fraction,strict_hydrophobic,>=2 physical Tail subunits,rfx7,RFX7,fold_224_rfx7_fulltail,5.0,5.0,1.0,,,
ad_level_fraction,strict_hydrophobic,>=2 physical Tail subunits,senp3,SENP3,fold_225_senp3_fulltail,5.0,2.0,0.4,,,
ad_level_fraction,strict_hydrophobic,>=2 physical Tail subunits,setd2,SETD2,fold_228_setd2_fulltail,5.0,5.0,1.0,,,
ad_level_fraction,strict_hydrophobic,>=2 physical Tail subunits,smarca2,SMARCA2,fold_230_smarca2_fulltail,5.0,0.0,0.0,,,
ad_level_fraction,strict_hydrophobic,>=2 physical Tail subunits,smarca4,SMARCA4,fold_231_smarca4_fulltail,5.0,4.0,0.8,,,
ad_level_fraction,strict_hydrophobic,>=2 physical Tail subunits,sox11,SOX11,fold_234_sox11_fulltail,5.0,4.0,0.8,,,
ad_level_fraction,strict_hydrophobic,>=2 physical Tail subunits,sox12,SOX12,fold_235_sox12_fulltail,5.0,5.0,1.0,,,
ad_level_fraction,strict_hydrophobic,>=2 physical Tail subunits,sox18,SOX18,fold_236_sox18_fulltail,5.0,5.0,1.0,,,
ad_level_fraction,strict_hydrophobic,>=2 physical Tail subunits,sox2,SOX2,fold_237_sox2_fulltail,5.0,5.0,1.0,,,
ad_level_fraction,strict_hydrophobic,>=2 physical Tail subunits,sox4,SOX4,fold_238_sox4_fulltail,5.0,4.0,0.8,,,
ad_level_fraction,strict_hydrophobic,>=2 physical Tail subunits,sox7,SOX7,fold_239_sox7_fulltail,5.0,2.0,0.4,,,
ad_level_fraction,strict_hydrophobic,>=2 physical Tail subunits,sox8,SOX8,fold_240_sox8_fulltail,5.0,3.0,0.6,,,
ad_level_fraction,strict_hydrophobic,>=2 physical Tail subunits,sox9,SOX9,fold_241_sox9_fulltail,5.0,2.0,0.4,,,
ad_level_fraction,strict_hydrophobic,>=2 physical Tail subunits,sp6,SP6,fold_242_sp6_fulltail,5.0,5.0,1.0,,,
ad_level_fraction,strict_hydrophobic,>=2 physical Tail subunits,sp9,SP9,fold_243_sp9_fulltail,5.0,4.0,0.8,,,
ad_level_fraction,strict_hydrophobic,>=2 physical Tail subunits,spi1,SPI1,fold_244_spi1_fulltail,5.0,5.0,1.0,,,
ad_level_fraction,strict_hydrophobic,>=2 physical Tail subunits,spic,SPIC,fold_245_spic_fulltail,5.0,2.0,0.4,,,
ad_level_fraction,strict_hydrophobic,>=2 physical Tail subunits,spocd1,SPOCD1,fold_246_spocd1_fulltail,5.0,4.0,0.8,,,
ad_level_fraction,strict_hydrophobic,>=2 physical Tail subunits,srebf1,SREBF1,fold_248_srebf1_fulltail,5.0,2.0,0.4,,,
ad_level_fraction,strict_hydrophobic,>=2 physical Tail subunits,srebf2,SREBF2,fold_249_srebf2_fulltail,4.0,1.0,0.25,,,
ad_level_fraction,strict_hydrophobic,>=2 physical Tail subunits,stat6,STAT6,fold_252_stat6_fulltail,5.0,3.0,0.6,,,
ad_level_fraction,strict_hydrophobic,>=2 physical Tail subunits,tada2a,TADA2A,fold_253_tada2a_fulltail,3.0,0.0,0.0,,,
ad_level_fraction,strict_hydrophobic,>=2 physical Tail subunits,taf6l,TAF6L,fold_255_taf6l_fulltail,5.0,4.0,0.8,,,
ad_level_fraction,strict_hydrophobic,>=2 physical Tail subunits,tbpl2,TBPL2,fold_256_tbpl2_fulltail,5.0,3.0,0.6,,,
ad_level_fraction,strict_hydrophobic,>=2 physical Tail subunits,tbx22,TBX22,fold_257_tbx22_fulltail,5.0,5.0,1.0,,,
ad_level_fraction,strict_hydrophobic,>=2 physical Tail subunits,tbx4,TBX4,fold_258_tbx4_fulltail,5.0,5.0,1.0,,,
ad_level_fraction,strict_hydrophobic,>=2 physical Tail subunits,tdrd5,TDRD5,fold_259_tdrd5_fulltail,5.0,4.0,0.8,,,
ad_level_fraction,strict_hydrophobic,>=2 physical Tail subunits,tef,TEF,fold_260_tef_fulltail,5.0,4.0,0.8,,,
ad_level_fraction,strict_hydrophobic,>=2 physical Tail subunits,tet2,TET2,fold_261_tet2_fulltail,5.0,5.0,1.0,,,
ad_level_fraction,strict_hydrophobic,>=2 physical Tail subunits,tfap2d,TFAP2D,fold_262_tfap2d_fulltail,5.0,4.0,0.8,,,
ad_level_fraction,strict_hydrophobic,>=2 physical Tail subunits,tfe3,TFE3,fold_264_tfe3_fulltail,5.0,5.0,1.0,,,
ad_level_fraction,strict_hydrophobic,>=2 physical Tail subunits,tfec,TFEC,fold_265_tfec_fulltail,5.0,3.0,0.6,,,
ad_level_fraction,strict_hydrophobic,>=2 physical Tail subunits,thrb,THRB,fold_266_thrb_fulltail,5.0,4.0,0.8,,,
ad_level_fraction,strict_hydrophobic,>=2 physical Tail subunits,tigd1,TIGD1,fold_267_tigd1_fulltail,5.0,4.0,0.8,,,
ad_level_fraction,strict_hydrophobic,>=2 physical Tail subunits,tp53,TP53,fold_270_tp53_fulltail,4.0,3.0,0.75,,,
ad_level_fraction,strict_hydrophobic,>=2 physical Tail subunits,tp63,TP63,fold_271_tp63_fulltail,5.0,5.0,1.0,,,
ad_level_fraction,strict_hydrophobic,>=2 physical Tail subunits,tp73,TP73,fold_272_tp73_fulltail,5.0,4.0,0.8,,,
ad_level_fraction,strict_hydrophobic,>=2 physical Tail subunits,tprx1,TPRX1,fold_273_tprx1_fulltail,5.0,5.0,1.0,,,
ad_level_fraction,strict_hydrophobic,>=2 physical Tail subunits,trafd1,TRAFD1,fold_274_trafd1_fulltail,5.0,1.0,0.2,,,
ad_level_fraction,strict_hydrophobic,>=2 physical Tail subunits,trerf1,TRERF1,fold_275_trerf1_fulltail,5.0,5.0,1.0,,,
ad_level_fraction,strict_hydrophobic,>=2 physical Tail subunits,ubn1,UBN1,fold_277_ubn1_fulltail,5.0,4.0,0.8,,,
ad_level_fraction,strict_hydrophobic,>=2 physical Tail subunits,xbp1,XBP1,fold_281_xbp1_fulltail,5.0,1.0,0.2,,,
ad_level_fraction,strict_hydrophobic,>=2 physical Tail subunits,yy2,YY2,fold_282_yy2_fulltail,5.0,0.0,0.0,,,
ad_level_fraction,strict_hydrophobic,>=2 physical Tail subunits,zbed6,ZBED6,fold_283_zbed6_fulltail,5.0,2.0,0.4,,,
ad_level_fraction,strict_hydrophobic,>=2 physical Tail subunits,zbtb44,ZBTB44,fold_284_zbtb44_fulltail,5.0,3.0,0.6,,,
ad_level_fraction,strict_hydrophobic,>=2 physical Tail subunits,zfhx4,ZFHX4,fold_285_zfhx4_fulltail,5.0,5.0,1.0,,,
ad_level_fraction,strict_hydrophobic,>=2 physical Tail subunits,zmym3,ZMYM3,fold_286_zmym3_fulltail,5.0,5.0,1.0,,,
ad_level_fraction,strict_hydrophobic,>=2 physical Tail subunits,znf200,ZNF200,fold_287_znf200_fulltail,5.0,5.0,1.0,,,
ad_level_fraction,strict_hydrophobic,>=2 physical Tail subunits,znf280d,ZNF280D,fold_288_znf280d_fulltail,5.0,1.0,0.2,,,
ad_level_fraction,strict_hydrophobic,>=2 physical Tail subunits,znf469,ZNF469,fold_289_znf469_fulltail,5.0,5.0,1.0,,,
ad_level_fraction,strict_hydrophobic,>=2 physical Tail subunits,znf532,ZNF532,fold_290_znf532_fulltail,5.0,5.0,1.0,,,
ad_level_fraction,strict_hydrophobic,>=2 physical Tail subunits,znf592,ZNF592,fold_291_znf592_fulltail,5.0,2.0,0.4,,,
ad_level_fraction,strict_hydrophobic,>=2 physical Tail subunits,znf644,ZNF644,fold_292_znf644_fulltail,4.0,0.0,0.0,,,
ad_level_fraction,strict_hydrophobic,>=2 physical Tail subunits,znf687,ZNF687,fold_293_znf687_fulltail,5.0,0.0,0.0,,,
ad_level_fraction,strict_hydrophobic,>=2 physical Tail subunits,zscan20,ZSCAN20,fold_294_zscan20_fulltail,5.0,0.0,0.0,,,
