staged_path,original_path,sha256,purpose
.gitignore,v1.0.0/.gitignore,f1dd18cfac84e824dcdc811b2ef0a1c77e3a183d85b05328cc4e795449294c30,"Exclude generated renders, Python caches, virtual environments and platform metadata from the public repository."
.zenodo.json,v1.0.0/.zenodo.json,18ba18d78e6dc02db7930869589a27ad9a2ee77b223473d3db9918950f14c242,Provisional Zenodo metadata for the unreleased v1.0.1 maintenance update.
CHANGELOG.md,maintained in repository,52d07141c140a2bdd108c5465baaf6b08b6743638ce2ed493fdaa5a453bdde36,Concise release history and scope of the v1.0.1 maintenance update.
CITATION.cff,v1.0.0/CITATION.cff,52b4062d435f50516960085be7528d2ac757d810aecea0b9442a34e00e5e77a7,Machine-readable citation metadata for the unreleased v1.0.1 maintenance update.
LICENSE-CODE,v1.0.0/LICENSE-CODE,7c7cf20b3dfedd283a6cb04a4ed0f6fb3036c38f997b3e689b4b53bbdfcaf179,MIT license for released code and environment definition.
LICENSE-DATA,v1.0.0/LICENSE-DATA,d29bef5a685d12ce9e9bf258dff078b75ed90f0a734cf8649558d265f33a55c8,"CC BY 4.0 notice for processed data, README and metadata."
README.md,v1.0.0/README.md,ce0eeadadd7f564c2a5f6743933cc2969f401c5bcd4eab5b639d220fbe7a5a77,"Public scope, figure-to-file map, execution commands, limitations, citation and licenses."
code/render_extended_data_figure1.py,v1.0.0/code/render_extended_data_figure1.py,3f24d9017bcddc1d26dc18b471de8d3eb0d3d2c3f5abb2f3ea31415671af1197,"Aggregate n/median/IQR and render interpeak interval summary from the stored interval table; released copy adds a public header, CLI, threshold checks and portable paths."
code/render_extended_data_figure2.py,v1.0.0/code/render_extended_data_figure2.py,8a092229e8a642f308a68de398d0ad14af602fb395681d5ff1e926bf83e3ed07,"Render pLDDT/helicity summary and recompute only the displayed BH adjustment across 36 stored contrast P values; released copy adds a public header, CLI, checks and portable paths."
code/render_figure1_multisubunit.py,v1.0.0/code/render_figure1_multisubunit.py,d7b7301341c8fcba2c2701c8c021a3222ae514913355c4a1d5df7287e7731764,Validate and redraw stored multisubunit model and recurrent-AD summary counts.
code/render_figure2_panels_CD.py,v1.0.0/code/render_figure2_panels_CD.py,4a6ddc9768329cb02982be691a19f992d1ecd2afa3bce75b89e30c1df382664a,"Render deletion-centered contact and WFYL-zero summaries from stored analyzed tables with the documented five-residue display mean; released copy corrects panel naming and adds a public header, CLI, checks and portable paths."
code/render_figure3b_network.py,v1.0.0/code/render_figure3b_network.py,ae9ff662574313f5604c48ae853f08a0f183f2e6a5e95318a780de9543bffdb9,Render receptor-site co-engagement network directly from stored node/edge/position tables; released copy documents encodings and adds explicit schema validation and portable cache paths.
config/environment.yml,v1.0.0/config/environment.yml,372628a64d26eed6bb981ed41dc1b352d541f567f873c44fd6fa73107e804b0f,Minimal Python 3.11 dependencies for the five retained coordinate-free renderers; `nodefaults` prevents inheritance of user-configured channels.
data/README.md,maintained in repository,9319341bbcf40e536390539d7fb318a00f5eade6b2b8fddd848ab1d541666bbf,Data dictionary for every deposited table and JSON file.
data/dataset/construct_model_manifest.csv,v1.0.0/data/dataset/construct_model_manifest.csv,2d0afad65a5cce9f540e6febec11ffc5c41e7004332cf19c5ddce35c1b94da61,"Compact exact definition of 293 constructs, 1,465 model metadata records, 1,139-model/234-AD selection, 22 composites and RMSD ranking selection."
data/dataset/construct_source_components.csv,"Suppl_Table_2_41586_2023_5906_MOESM6_ESM.xlsx, Activation Domains sheet",68ddd9f55692b40c7df977b576f321ab56ac7df7d85280be9d5f19d533f6fa5e,The 374 annotated AD sequences and exact overlap-trimming/direct-concatenation mapping to 293 modeled constructs.
data/dataset/inpainting_operational_ledger.csv,v1.0.0/data/dataset/inpainting_operational_ledger.csv,738b288f0270d33126740461a679bff92f15e67dfbb34d6d73540ec53b766c31,Reduced final inpainting contact-exclusion/mask ledger; nonessential reviewer prose removed.
data/dataset/receptor_site_definitions.csv,v1.0.0/data/dataset/receptor_site_definitions.csv,22fffe0ce2e3d2f820b39bfbbf74d8d198f1c9f23c29305af8a18d9c6d742ee0,"Final core-plus-shoulder receptor envelopes, graph inclusion, coordinate conventions and caveats."
data/dataset/threading_local_mask_residues.csv,v1.0.0/data/dataset/threading_local_mask_residues.csv,d719cf1ead8333a6cc119cb4cbe7b6ce9a0c01b08c2c5f2ed82b6f13dbb8b661,Exact 61-residue local-threading contact mask.
data/extended_data_figure1/interpeak_interval_source_data.csv,v1.0.0/data/extended_data_figure1/interpeak_interval_source_data.csv,bb8065477697b39fe93e8f642ecabad27f4e7a8627842d690f123cb4db66070f,Identified construct-coordinate interpeak intervals for the four nested displayed series.
data/extended_data_figure1/q85_source_manifest.json,v1.0.0/data/extended_data_figure1/q85_source_manifest.json,f7f13e0c65cb7b9026830da475a31c8137c4c747d729a4a0c92a1cde4713cb7f,Minimal extracted Q85 and stronger-activation thresholds required by the renderer.
data/extended_data_figure2/contact_decile_plddt_helicity.csv,v1.0.0/data/extended_data_figure2/contact_decile_plddt_helicity.csv,68c91fea4911df316678bac1182b8e6bb0dd15d560961a15ca76b4ade6b75c9a,contact-decile pLDDT/helicity summary plotted estimates and AD-bootstrap intervals.
data/extended_data_figure2/deletion_helicity_class_summary.csv,v1.0.0/data/extended_data_figure2/deletion_helicity_class_summary.csv,504ba971e2c99897e229d9be309f8c92adcc23b351007de05cb41af09ff5fa86,deletion-class pLDDT/helicity summary helicity class estimates and gene-bootstrap intervals.
data/extended_data_figure2/deletion_helicity_contrasts.csv,v1.0.0/data/extended_data_figure2/deletion_helicity_contrasts.csv,bd24eeb4c38f8578aa5275579dd5e86df5996c5059f2f82b68ba64075877fbe2,deletion-class pLDDT/helicity summary helicity contrasts and bootstrap P values.
data/extended_data_figure2/deletion_plddt_class_summary.csv,v1.0.0/data/extended_data_figure2/deletion_plddt_class_summary.csv,bbcaf5f40b0ff16df69dbcb55c065b3f9eca7e7a39c77a03af86a6e745e12030,deletion-class pLDDT/helicity summary pLDDT class estimates and gene-bootstrap intervals.
data/extended_data_figure2/deletion_plddt_contrasts.csv,v1.0.0/data/extended_data_figure2/deletion_plddt_contrasts.csv,77b3fbfca545f41947cb7bf95fd97c6f043fdc4cba2a7c551364c7a8e393894d,deletion-class pLDDT/helicity summary pLDDT contrasts and bootstrap P values.
data/extended_data_table1/extended_data_table_1.csv,v1.0.0/data/extended_data_table1/extended_data_table_1.csv,a57036de43735ff96ef85e7989672a0922f771c726a7b3b79737be9bfe72b0b6,Machine-readable eight-row cryo-EM reconstruction table aligned to the accompanying manuscript wording.
data/figure1/final_counts_used.csv,v1.0.0/data/figure1/final_counts_used.csv,83be36909f40001aa659d2fbe04527ef6a42f88aaeadd49beaaf147c7441de88,Final multisubunit model and recurrent-AD summary model-valency and recurrent-AD values.
data/figure2/contact_profile_source_data.csv,v1.0.0/data/figure2/contact_profile_source_data.csv,5e5d46b387729233c07fad3ccc711621f6d8c69c6a4ca64f34c8626b10bef3a4,Final plotted deletion-centered contact profile deletion-centered contact profiles.
data/figure2/wfyl_source_data.csv,v1.0.0/data/figure2/wfyl_source_data.csv,4a84d22013d8da2f046f58facb9028f7f8a090e349508c21811c24bc75760c65,"Exact released WFYL-zero summary WFYL-zero proportions, samples and gene-bootstrap intervals."
data/figure3/figure3b_edges.csv,v1.0.0/data/figure3/figure3b_edges.csv,9fbacbbc3504a771f1679130561234047bf70635e8246d12267516bd5cf290e4,"All 27 nonzero plotted receptor-site edges with same-model strict co-engagement counts, fractions and the 1,139-model denominator."
data/figure3/figure3b_nodes.csv,v1.0.0/data/figure3/figure3b_nodes.csv,0efaaa188186cada587a7581177f96cfb7593dc19a90cfa962cd3fb17817e06f,"Eight graph nodes with stored strict-contact mass, pair, model and AD support; MED15 display uses native L595."
data/figure3/figure3b_positions.csv,v1.0.0/data/figure3/figure3b_positions.csv,a2386014179af10b7ece33e0a49fc83bbae5636d57a5286f298a18fa7e96d964,Exact projected x/y positions of the eight displayed nodes from the released final receptor-site co-engagement network calculation.
data/figure3/figure3c_reported_geometry.csv,v1.0.0/data/figure3/figure3c_reported_geometry.csv,0896774a1cacc6695771e45401756f4754a62e0db99fc1ef91c7069fb81cc0c7,Coordinate-free reported MED23/MED24 geometry values and identifiable calculation conventions.
data/rmsd/af3_vs_8gxs_per_job.csv,v1.0.0/data/rmsd/af3_vs_8gxs_per_job.csv,35e25d7d79ce161a66fa8ace8af0bd38249556ce8eacdfc079713ee3157f0d15,Compact reported per-job 8GXS global Kabsch RMSD source data for all 293 jobs.
data/rmsd/af3_vs_8gxs_summary.json,v1.0.0/data/rmsd/af3_vs_8gxs_summary.json,258afedae6c2ef2fefdb829adb2b8c2470930dacdd702a6deb27241a68e06206,"Portable reported RMSD selection, atom/subunit selection, median and IQR summary."
tests/validate_release.py,maintained in repository,323e08b0afa6fe42f435c7f1b2e00949d18fdd6cc21eccc33c03580caeb86507,Cross-table consistency and checksum validation for the coordinate-free deposit.
