model_id,fold_dir,final_operational_class,masked_region_note,use_for_contact_statistics
fold_103_grhl2_fulltail__model_4,fold_103_grhl2_fulltail,INTERFACE_EXCLUDE_KEEP_SS,whole model excluded from groove/contact/interface/correlation analyses; retain for global chainH ss only,no
fold_106_hdac1_fulltail__model_0,fold_106_hdac1_fulltail,FULLY_EXCLUDE_PRIMARY_DATASET,,no
fold_106_hdac1_fulltail__model_1,fold_106_hdac1_fulltail,FULLY_EXCLUDE_PRIMARY_DATASET,,no
fold_106_hdac1_fulltail__model_2,fold_106_hdac1_fulltail,FULLY_EXCLUDE_PRIMARY_DATASET,,no
fold_106_hdac1_fulltail__model_3,fold_106_hdac1_fulltail,FULLY_EXCLUDE_PRIMARY_DATASET,,no
fold_106_hdac1_fulltail__model_4,fold_106_hdac1_fulltail,FULLY_EXCLUDE_PRIMARY_DATASET,,no
fold_107_hlcs_fulltail__model_0,fold_107_hlcs_fulltail,FULLY_EXCLUDE_PRIMARY_DATASET,,no
fold_107_hlcs_fulltail__model_1,fold_107_hlcs_fulltail,FULLY_EXCLUDE_PRIMARY_DATASET,,no
fold_107_hlcs_fulltail__model_2,fold_107_hlcs_fulltail,FULLY_EXCLUDE_PRIMARY_DATASET,,no
fold_107_hlcs_fulltail__model_3,fold_107_hlcs_fulltail,FULLY_EXCLUDE_PRIMARY_DATASET,,no
fold_107_hlcs_fulltail__model_4,fold_107_hlcs_fulltail,FULLY_EXCLUDE_PRIMARY_DATASET,,no
fold_121_irf2_fulltail__model_3,fold_121_irf2_fulltail,PARTIAL_CONTACT_MASK,chainH: 1-7,yes
fold_123_jade1_fulltail__model_0,fold_123_jade1_fulltail,FULLY_EXCLUDE_PRIMARY_DATASET,,no
fold_123_jade1_fulltail__model_1,fold_123_jade1_fulltail,FULLY_EXCLUDE_PRIMARY_DATASET,,no
fold_123_jade1_fulltail__model_2,fold_123_jade1_fulltail,FULLY_EXCLUDE_PRIMARY_DATASET,,no
fold_123_jade1_fulltail__model_3,fold_123_jade1_fulltail,FULLY_EXCLUDE_PRIMARY_DATASET,,no
fold_123_jade1_fulltail__model_4,fold_123_jade1_fulltail,FULLY_EXCLUDE_PRIMARY_DATASET,,no
fold_124_jade2_fulltail__model_0,fold_124_jade2_fulltail,FULLY_EXCLUDE_PRIMARY_DATASET,,no
fold_124_jade2_fulltail__model_1,fold_124_jade2_fulltail,FULLY_EXCLUDE_PRIMARY_DATASET,,no
fold_124_jade2_fulltail__model_2,fold_124_jade2_fulltail,FULLY_EXCLUDE_PRIMARY_DATASET,,no
fold_124_jade2_fulltail__model_3,fold_124_jade2_fulltail,FULLY_EXCLUDE_PRIMARY_DATASET,,no
fold_124_jade2_fulltail__model_4,fold_124_jade2_fulltail,FULLY_EXCLUDE_PRIMARY_DATASET,,no
fold_125_jak2_fulltail__model_0,fold_125_jak2_fulltail,FULLY_EXCLUDE_PRIMARY_DATASET,,no
fold_125_jak2_fulltail__model_1,fold_125_jak2_fulltail,FULLY_EXCLUDE_PRIMARY_DATASET,,no
fold_125_jak2_fulltail__model_2,fold_125_jak2_fulltail,FULLY_EXCLUDE_PRIMARY_DATASET,,no
fold_125_jak2_fulltail__model_3,fold_125_jak2_fulltail,FULLY_EXCLUDE_PRIMARY_DATASET,,no
fold_125_jak2_fulltail__model_4,fold_125_jak2_fulltail,FULLY_EXCLUDE_PRIMARY_DATASET,,no
fold_126_jazf1_fulltail__model_0,fold_126_jazf1_fulltail,FULLY_EXCLUDE_PRIMARY_DATASET,,no
fold_126_jazf1_fulltail__model_1,fold_126_jazf1_fulltail,FULLY_EXCLUDE_PRIMARY_DATASET,,no
fold_126_jazf1_fulltail__model_2,fold_126_jazf1_fulltail,FULLY_EXCLUDE_PRIMARY_DATASET,,no
fold_126_jazf1_fulltail__model_3,fold_126_jazf1_fulltail,FULLY_EXCLUDE_PRIMARY_DATASET,,no
fold_126_jazf1_fulltail__model_4,fold_126_jazf1_fulltail,FULLY_EXCLUDE_PRIMARY_DATASET,,no
fold_127_jmjd4_fulltail__model_0,fold_127_jmjd4_fulltail,FULLY_EXCLUDE_PRIMARY_DATASET,,no
fold_127_jmjd4_fulltail__model_1,fold_127_jmjd4_fulltail,FULLY_EXCLUDE_PRIMARY_DATASET,,no
fold_127_jmjd4_fulltail__model_2,fold_127_jmjd4_fulltail,FULLY_EXCLUDE_PRIMARY_DATASET,,no
fold_127_jmjd4_fulltail__model_3,fold_127_jmjd4_fulltail,FULLY_EXCLUDE_PRIMARY_DATASET,,no
fold_127_jmjd4_fulltail__model_4,fold_127_jmjd4_fulltail,FULLY_EXCLUDE_PRIMARY_DATASET,,no
fold_129_kat14_fulltail__model_2,fold_129_kat14_fulltail,NOT_INPAINTED,,yes
fold_12_asxl2_fulltail__model_4,fold_12_asxl2_fulltail,INTERFACE_EXCLUDE_KEEP_SS,whole model excluded from groove/contact/interface/correlation analyses; retain for global chainH ss only,no
fold_132_kdm5b_fulltail__model_4,fold_132_kdm5b_fulltail,INTERFACE_EXCLUDE_KEEP_SS,whole model excluded from groove/contact/interface/correlation analyses; retain for global chainH ss only,no
fold_133_kdm8_fulltail__model_0,fold_133_kdm8_fulltail,FULLY_EXCLUDE_PRIMARY_DATASET,,no
fold_133_kdm8_fulltail__model_1,fold_133_kdm8_fulltail,FULLY_EXCLUDE_PRIMARY_DATASET,,no
fold_133_kdm8_fulltail__model_2,fold_133_kdm8_fulltail,FULLY_EXCLUDE_PRIMARY_DATASET,,no
fold_133_kdm8_fulltail__model_3,fold_133_kdm8_fulltail,FULLY_EXCLUDE_PRIMARY_DATASET,,no
fold_133_kdm8_fulltail__model_4,fold_133_kdm8_fulltail,FULLY_EXCLUDE_PRIMARY_DATASET,,no
fold_137_klf7_fulltail__model_0,fold_137_klf7_fulltail,FULLY_EXCLUDE_PRIMARY_DATASET,,no
fold_137_klf7_fulltail__model_1,fold_137_klf7_fulltail,FULLY_EXCLUDE_PRIMARY_DATASET,,no
fold_137_klf7_fulltail__model_2,fold_137_klf7_fulltail,FULLY_EXCLUDE_PRIMARY_DATASET,,no
fold_137_klf7_fulltail__model_3,fold_137_klf7_fulltail,FULLY_EXCLUDE_PRIMARY_DATASET,,no
fold_137_klf7_fulltail__model_4,fold_137_klf7_fulltail,FULLY_EXCLUDE_PRIMARY_DATASET,,no
fold_13_asxl3_fulltail__model_0,fold_13_asxl3_fulltail,PARTIAL_CONTACT_MASK,chainH: 1-38,yes
fold_141_l3mbtl4_fulltail__model_0,fold_141_l3mbtl4_fulltail,FULLY_EXCLUDE_PRIMARY_DATASET,,no
fold_141_l3mbtl4_fulltail__model_1,fold_141_l3mbtl4_fulltail,FULLY_EXCLUDE_PRIMARY_DATASET,,no
fold_141_l3mbtl4_fulltail__model_2,fold_141_l3mbtl4_fulltail,FULLY_EXCLUDE_PRIMARY_DATASET,,no
fold_141_l3mbtl4_fulltail__model_3,fold_141_l3mbtl4_fulltail,FULLY_EXCLUDE_PRIMARY_DATASET,,no
fold_141_l3mbtl4_fulltail__model_4,fold_141_l3mbtl4_fulltail,FULLY_EXCLUDE_PRIMARY_DATASET,,no
fold_146_mast2_fulltail__model_0,fold_146_mast2_fulltail,FULLY_EXCLUDE_PRIMARY_DATASET,,no
fold_146_mast2_fulltail__model_1,fold_146_mast2_fulltail,FULLY_EXCLUDE_PRIMARY_DATASET,,no
fold_146_mast2_fulltail__model_2,fold_146_mast2_fulltail,FULLY_EXCLUDE_PRIMARY_DATASET,,no
fold_146_mast2_fulltail__model_3,fold_146_mast2_fulltail,FULLY_EXCLUDE_PRIMARY_DATASET,,no
fold_146_mast2_fulltail__model_4,fold_146_mast2_fulltail,FULLY_EXCLUDE_PRIMARY_DATASET,,no
fold_147_men1_fulltail__model_0,fold_147_men1_fulltail,FULLY_EXCLUDE_PRIMARY_DATASET,,no
fold_147_men1_fulltail__model_1,fold_147_men1_fulltail,FULLY_EXCLUDE_PRIMARY_DATASET,,no
fold_147_men1_fulltail__model_2,fold_147_men1_fulltail,FULLY_EXCLUDE_PRIMARY_DATASET,,no
fold_147_men1_fulltail__model_3,fold_147_men1_fulltail,FULLY_EXCLUDE_PRIMARY_DATASET,,no
fold_147_men1_fulltail__model_4,fold_147_men1_fulltail,FULLY_EXCLUDE_PRIMARY_DATASET,,no
fold_150_mlxip_fulltail__model_3,fold_150_mlxip_fulltail,PARTIAL_CONTACT_MASK,chainH: 1-29,yes
fold_152_msh2_fulltail__model_0,fold_152_msh2_fulltail,FULLY_EXCLUDE_PRIMARY_DATASET,,no
fold_152_msh2_fulltail__model_1,fold_152_msh2_fulltail,FULLY_EXCLUDE_PRIMARY_DATASET,,no
fold_152_msh2_fulltail__model_2,fold_152_msh2_fulltail,FULLY_EXCLUDE_PRIMARY_DATASET,,no
fold_152_msh2_fulltail__model_3,fold_152_msh2_fulltail,FULLY_EXCLUDE_PRIMARY_DATASET,,no
fold_152_msh2_fulltail__model_4,fold_152_msh2_fulltail,FULLY_EXCLUDE_PRIMARY_DATASET,,no
fold_154_mstn_fulltail__model_0,fold_154_mstn_fulltail,FULLY_EXCLUDE_PRIMARY_DATASET,,no
fold_154_mstn_fulltail__model_1,fold_154_mstn_fulltail,FULLY_EXCLUDE_PRIMARY_DATASET,,no
fold_154_mstn_fulltail__model_2,fold_154_mstn_fulltail,FULLY_EXCLUDE_PRIMARY_DATASET,,no
fold_154_mstn_fulltail__model_3,fold_154_mstn_fulltail,FULLY_EXCLUDE_PRIMARY_DATASET,,no
fold_154_mstn_fulltail__model_4,fold_154_mstn_fulltail,FULLY_EXCLUDE_PRIMARY_DATASET,,no
fold_155_mterf3_fulltail__model_2,fold_155_mterf3_fulltail,FULLY_EXCLUDE_PRIMARY_DATASET,,no
fold_166_nanogp8_fulltail__model_0,fold_166_nanogp8_fulltail,NOT_INPAINTED,,yes
fold_166_nanogp8_fulltail__model_1,fold_166_nanogp8_fulltail,NOT_INPAINTED,,yes
fold_166_nanogp8_fulltail__model_2,fold_166_nanogp8_fulltail,NOT_INPAINTED,,yes
fold_166_nanogp8_fulltail__model_3,fold_166_nanogp8_fulltail,NOT_INPAINTED,,yes
fold_166_nanogp8_fulltail__model_4,fold_166_nanogp8_fulltail,NOT_INPAINTED,,yes
fold_167_nasp_fulltail__model_0,fold_167_nasp_fulltail,FULLY_EXCLUDE_PRIMARY_DATASET,,no
fold_167_nasp_fulltail__model_1,fold_167_nasp_fulltail,FULLY_EXCLUDE_PRIMARY_DATASET,,no
fold_167_nasp_fulltail__model_2,fold_167_nasp_fulltail,FULLY_EXCLUDE_PRIMARY_DATASET,,no
fold_167_nasp_fulltail__model_3,fold_167_nasp_fulltail,FULLY_EXCLUDE_PRIMARY_DATASET,,no
fold_167_nasp_fulltail__model_4,fold_167_nasp_fulltail,FULLY_EXCLUDE_PRIMARY_DATASET,,no
fold_171_nek9_fulltail__model_0,fold_171_nek9_fulltail,FULLY_EXCLUDE_PRIMARY_DATASET,,no
fold_171_nek9_fulltail__model_1,fold_171_nek9_fulltail,FULLY_EXCLUDE_PRIMARY_DATASET,,no
fold_171_nek9_fulltail__model_2,fold_171_nek9_fulltail,FULLY_EXCLUDE_PRIMARY_DATASET,,no
fold_171_nek9_fulltail__model_3,fold_171_nek9_fulltail,FULLY_EXCLUDE_PRIMARY_DATASET,,no
fold_171_nek9_fulltail__model_4,fold_171_nek9_fulltail,FULLY_EXCLUDE_PRIMARY_DATASET,,no
fold_176_nfe2l1_fulltail__model_0,fold_176_nfe2l1_fulltail,PARTIAL_CONTACT_MASK,chainH: 1-42,yes
fold_179_nfkb1_fulltail__model_0,fold_179_nfkb1_fulltail,FULLY_EXCLUDE_PRIMARY_DATASET,,no
fold_179_nfkb1_fulltail__model_1,fold_179_nfkb1_fulltail,FULLY_EXCLUDE_PRIMARY_DATASET,,no
fold_179_nfkb1_fulltail__model_2,fold_179_nfkb1_fulltail,FULLY_EXCLUDE_PRIMARY_DATASET,,no
fold_179_nfkb1_fulltail__model_3,fold_179_nfkb1_fulltail,FULLY_EXCLUDE_PRIMARY_DATASET,,no
fold_179_nfkb1_fulltail__model_4,fold_179_nfkb1_fulltail,FULLY_EXCLUDE_PRIMARY_DATASET,,no
fold_180_nfrkb_fulltail__model_0,fold_180_nfrkb_fulltail,FULLY_EXCLUDE_PRIMARY_DATASET,,no
fold_180_nfrkb_fulltail__model_1,fold_180_nfrkb_fulltail,FULLY_EXCLUDE_PRIMARY_DATASET,,no
fold_180_nfrkb_fulltail__model_2,fold_180_nfrkb_fulltail,FULLY_EXCLUDE_PRIMARY_DATASET,,no
fold_180_nfrkb_fulltail__model_3,fold_180_nfrkb_fulltail,FULLY_EXCLUDE_PRIMARY_DATASET,,no
fold_180_nfrkb_fulltail__model_4,fold_180_nfrkb_fulltail,FULLY_EXCLUDE_PRIMARY_DATASET,,no
fold_181_nipbl_fulltail__model_0,fold_181_nipbl_fulltail,FULLY_EXCLUDE_PRIMARY_DATASET,,no
fold_181_nipbl_fulltail__model_1,fold_181_nipbl_fulltail,FULLY_EXCLUDE_PRIMARY_DATASET,,no
fold_181_nipbl_fulltail__model_2,fold_181_nipbl_fulltail,FULLY_EXCLUDE_PRIMARY_DATASET,,no
fold_181_nipbl_fulltail__model_3,fold_181_nipbl_fulltail,FULLY_EXCLUDE_PRIMARY_DATASET,,no
fold_181_nipbl_fulltail__model_4,fold_181_nipbl_fulltail,FULLY_EXCLUDE_PRIMARY_DATASET,,no
fold_188_nr4a3_fulltail__model_0,fold_188_nr4a3_fulltail,FULLY_EXCLUDE_PRIMARY_DATASET,,no
fold_188_nr4a3_fulltail__model_1,fold_188_nr4a3_fulltail,FULLY_EXCLUDE_PRIMARY_DATASET,,no
fold_188_nr4a3_fulltail__model_2,fold_188_nr4a3_fulltail,FULLY_EXCLUDE_PRIMARY_DATASET,,no
fold_188_nr4a3_fulltail__model_3,fold_188_nr4a3_fulltail,FULLY_EXCLUDE_PRIMARY_DATASET,,no
fold_188_nr4a3_fulltail__model_4,fold_188_nr4a3_fulltail,FULLY_EXCLUDE_PRIMARY_DATASET,,no
fold_190_padi2_fulltail__model_0,fold_190_padi2_fulltail,FULLY_EXCLUDE_PRIMARY_DATASET,,no
fold_190_padi2_fulltail__model_1,fold_190_padi2_fulltail,FULLY_EXCLUDE_PRIMARY_DATASET,,no
fold_190_padi2_fulltail__model_2,fold_190_padi2_fulltail,FULLY_EXCLUDE_PRIMARY_DATASET,,no
fold_190_padi2_fulltail__model_3,fold_190_padi2_fulltail,FULLY_EXCLUDE_PRIMARY_DATASET,,no
fold_190_padi2_fulltail__model_4,fold_190_padi2_fulltail,FULLY_EXCLUDE_PRIMARY_DATASET,,no
fold_194_phf1_fulltail__model_0,fold_194_phf1_fulltail,FULLY_EXCLUDE_PRIMARY_DATASET,,no
fold_194_phf1_fulltail__model_1,fold_194_phf1_fulltail,FULLY_EXCLUDE_PRIMARY_DATASET,,no
fold_194_phf1_fulltail__model_2,fold_194_phf1_fulltail,FULLY_EXCLUDE_PRIMARY_DATASET,,no
fold_194_phf1_fulltail__model_3,fold_194_phf1_fulltail,FULLY_EXCLUDE_PRIMARY_DATASET,,no
fold_194_phf1_fulltail__model_4,fold_194_phf1_fulltail,FULLY_EXCLUDE_PRIMARY_DATASET,,no
fold_196_phf20l1_fulltail__model_0,fold_196_phf20l1_fulltail,PARTIAL_CONTACT_MASK,chainH: 90-160,yes
fold_196_phf20l1_fulltail__model_1,fold_196_phf20l1_fulltail,PARTIAL_CONTACT_MASK,chainH: 90-160,yes
fold_196_phf20l1_fulltail__model_2,fold_196_phf20l1_fulltail,PARTIAL_CONTACT_MASK,chainH: 90-160,yes
fold_196_phf20l1_fulltail__model_3,fold_196_phf20l1_fulltail,PARTIAL_CONTACT_MASK,chainH: 90-160,yes
fold_196_phf20l1_fulltail__model_4,fold_196_phf20l1_fulltail,PARTIAL_CONTACT_MASK,chainH: 90-160,yes
fold_197_phip_fulltail__model_0,fold_197_phip_fulltail,FULLY_EXCLUDE_PRIMARY_DATASET,,no
fold_197_phip_fulltail__model_1,fold_197_phip_fulltail,FULLY_EXCLUDE_PRIMARY_DATASET,,no
fold_197_phip_fulltail__model_2,fold_197_phip_fulltail,FULLY_EXCLUDE_PRIMARY_DATASET,,no
fold_197_phip_fulltail__model_3,fold_197_phip_fulltail,FULLY_EXCLUDE_PRIMARY_DATASET,,no
fold_197_phip_fulltail__model_4,fold_197_phip_fulltail,FULLY_EXCLUDE_PRIMARY_DATASET,,no
fold_20_bhlhe23_fulltail__model_0,fold_20_bhlhe23_fulltail,FULLY_EXCLUDE_PRIMARY_DATASET,,no
fold_20_bhlhe23_fulltail__model_2,fold_20_bhlhe23_fulltail,FULLY_EXCLUDE_PRIMARY_DATASET,,no
fold_210_ppp2ca_fulltail__model_0,fold_210_ppp2ca_fulltail,FULLY_EXCLUDE_PRIMARY_DATASET,,no
fold_210_ppp2ca_fulltail__model_1,fold_210_ppp2ca_fulltail,FULLY_EXCLUDE_PRIMARY_DATASET,,no
fold_210_ppp2ca_fulltail__model_2,fold_210_ppp2ca_fulltail,FULLY_EXCLUDE_PRIMARY_DATASET,,no
fold_210_ppp2ca_fulltail__model_3,fold_210_ppp2ca_fulltail,FULLY_EXCLUDE_PRIMARY_DATASET,,no
fold_210_ppp2ca_fulltail__model_4,fold_210_ppp2ca_fulltail,FULLY_EXCLUDE_PRIMARY_DATASET,,no
fold_211_ppp4c_fulltail__model_0,fold_211_ppp4c_fulltail,FULLY_EXCLUDE_PRIMARY_DATASET,,no
fold_211_ppp4c_fulltail__model_1,fold_211_ppp4c_fulltail,FULLY_EXCLUDE_PRIMARY_DATASET,,no
fold_211_ppp4c_fulltail__model_2,fold_211_ppp4c_fulltail,FULLY_EXCLUDE_PRIMARY_DATASET,,no
fold_211_ppp4c_fulltail__model_3,fold_211_ppp4c_fulltail,FULLY_EXCLUDE_PRIMARY_DATASET,,no
fold_211_ppp4c_fulltail__model_4,fold_211_ppp4c_fulltail,FULLY_EXCLUDE_PRIMARY_DATASET,,no
fold_212_prkci_fulltail__model_0,fold_212_prkci_fulltail,FULLY_EXCLUDE_PRIMARY_DATASET,,no
fold_212_prkci_fulltail__model_1,fold_212_prkci_fulltail,FULLY_EXCLUDE_PRIMARY_DATASET,,no
fold_212_prkci_fulltail__model_2,fold_212_prkci_fulltail,FULLY_EXCLUDE_PRIMARY_DATASET,,no
fold_212_prkci_fulltail__model_3,fold_212_prkci_fulltail,FULLY_EXCLUDE_PRIMARY_DATASET,,no
fold_212_prkci_fulltail__model_4,fold_212_prkci_fulltail,FULLY_EXCLUDE_PRIMARY_DATASET,,no
fold_213_prkcz_fulltail__model_0,fold_213_prkcz_fulltail,FULLY_EXCLUDE_PRIMARY_DATASET,,no
fold_213_prkcz_fulltail__model_1,fold_213_prkcz_fulltail,FULLY_EXCLUDE_PRIMARY_DATASET,,no
fold_213_prkcz_fulltail__model_2,fold_213_prkcz_fulltail,FULLY_EXCLUDE_PRIMARY_DATASET,,no
fold_213_prkcz_fulltail__model_3,fold_213_prkcz_fulltail,FULLY_EXCLUDE_PRIMARY_DATASET,,no
fold_213_prkcz_fulltail__model_4,fold_213_prkcz_fulltail,FULLY_EXCLUDE_PRIMARY_DATASET,,no
fold_214_prkdc_fulltail__model_0,fold_214_prkdc_fulltail,FULLY_EXCLUDE_PRIMARY_DATASET,,no
fold_214_prkdc_fulltail__model_1,fold_214_prkdc_fulltail,FULLY_EXCLUDE_PRIMARY_DATASET,,no
fold_214_prkdc_fulltail__model_2,fold_214_prkdc_fulltail,FULLY_EXCLUDE_PRIMARY_DATASET,,no
fold_214_prkdc_fulltail__model_3,fold_214_prkdc_fulltail,FULLY_EXCLUDE_PRIMARY_DATASET,,no
fold_214_prkdc_fulltail__model_4,fold_214_prkdc_fulltail,FULLY_EXCLUDE_PRIMARY_DATASET,,no
fold_215_prmt2_fulltail__model_3,fold_215_prmt2_fulltail,INTERFACE_EXCLUDE_KEEP_SS,whole model excluded from groove/contact/interface/correlation analyses; retain for global chainH ss only,no
fold_217_prmt5_fulltail__model_0,fold_217_prmt5_fulltail,FULLY_EXCLUDE_PRIMARY_DATASET,,no
fold_217_prmt5_fulltail__model_1,fold_217_prmt5_fulltail,FULLY_EXCLUDE_PRIMARY_DATASET,,no
fold_217_prmt5_fulltail__model_2,fold_217_prmt5_fulltail,FULLY_EXCLUDE_PRIMARY_DATASET,,no
fold_217_prmt5_fulltail__model_3,fold_217_prmt5_fulltail,FULLY_EXCLUDE_PRIMARY_DATASET,,no
fold_217_prmt5_fulltail__model_4,fold_217_prmt5_fulltail,FULLY_EXCLUDE_PRIMARY_DATASET,,no
fold_219_prpf39_fulltail__model_0,fold_219_prpf39_fulltail,FULLY_EXCLUDE_PRIMARY_DATASET,,no
fold_219_prpf39_fulltail__model_1,fold_219_prpf39_fulltail,FULLY_EXCLUDE_PRIMARY_DATASET,,no
fold_219_prpf39_fulltail__model_2,fold_219_prpf39_fulltail,FULLY_EXCLUDE_PRIMARY_DATASET,,no
fold_219_prpf39_fulltail__model_3,fold_219_prpf39_fulltail,FULLY_EXCLUDE_PRIMARY_DATASET,,no
fold_219_prpf39_fulltail__model_4,fold_219_prpf39_fulltail,FULLY_EXCLUDE_PRIMARY_DATASET,,no
fold_221_rbsn_fulltail__model_0,fold_221_rbsn_fulltail,FULLY_EXCLUDE_PRIMARY_DATASET,,no
fold_221_rbsn_fulltail__model_1,fold_221_rbsn_fulltail,FULLY_EXCLUDE_PRIMARY_DATASET,,no
fold_221_rbsn_fulltail__model_2,fold_221_rbsn_fulltail,FULLY_EXCLUDE_PRIMARY_DATASET,,no
fold_221_rbsn_fulltail__model_3,fold_221_rbsn_fulltail,FULLY_EXCLUDE_PRIMARY_DATASET,,no
fold_221_rbsn_fulltail__model_4,fold_221_rbsn_fulltail,FULLY_EXCLUDE_PRIMARY_DATASET,,no
fold_225_senp3_fulltail__model_0,fold_225_senp3_fulltail,PARTIAL_CONTACT_MASK,chainH: 60-90 (AD C-terminus),yes
fold_226_setd1a_fulltail__model_0,fold_226_setd1a_fulltail,FULLY_EXCLUDE_PRIMARY_DATASET,,no
fold_226_setd1a_fulltail__model_1,fold_226_setd1a_fulltail,FULLY_EXCLUDE_PRIMARY_DATASET,,no
fold_226_setd1a_fulltail__model_2,fold_226_setd1a_fulltail,FULLY_EXCLUDE_PRIMARY_DATASET,,no
fold_226_setd1a_fulltail__model_3,fold_226_setd1a_fulltail,FULLY_EXCLUDE_PRIMARY_DATASET,,no
fold_226_setd1a_fulltail__model_4,fold_226_setd1a_fulltail,FULLY_EXCLUDE_PRIMARY_DATASET,,no
fold_227_setd1b_fulltail__model_0,fold_227_setd1b_fulltail,FULLY_EXCLUDE_PRIMARY_DATASET,,no
fold_227_setd1b_fulltail__model_1,fold_227_setd1b_fulltail,FULLY_EXCLUDE_PRIMARY_DATASET,,no
fold_227_setd1b_fulltail__model_2,fold_227_setd1b_fulltail,FULLY_EXCLUDE_PRIMARY_DATASET,,no
fold_227_setd1b_fulltail__model_3,fold_227_setd1b_fulltail,FULLY_EXCLUDE_PRIMARY_DATASET,,no
fold_227_setd1b_fulltail__model_4,fold_227_setd1b_fulltail,FULLY_EXCLUDE_PRIMARY_DATASET,,no
fold_229_smad5_fulltail__model_0,fold_229_smad5_fulltail,FULLY_EXCLUDE_PRIMARY_DATASET,,no
fold_229_smad5_fulltail__model_1,fold_229_smad5_fulltail,FULLY_EXCLUDE_PRIMARY_DATASET,,no
fold_229_smad5_fulltail__model_2,fold_229_smad5_fulltail,FULLY_EXCLUDE_PRIMARY_DATASET,,no
fold_229_smad5_fulltail__model_3,fold_229_smad5_fulltail,FULLY_EXCLUDE_PRIMARY_DATASET,,no
fold_229_smad5_fulltail__model_4,fold_229_smad5_fulltail,FULLY_EXCLUDE_PRIMARY_DATASET,,no
fold_232_smarcc1_fulltail__model_0,fold_232_smarcc1_fulltail,FULLY_EXCLUDE_PRIMARY_DATASET,,no
fold_232_smarcc1_fulltail__model_1,fold_232_smarcc1_fulltail,FULLY_EXCLUDE_PRIMARY_DATASET,,no
fold_232_smarcc1_fulltail__model_2,fold_232_smarcc1_fulltail,FULLY_EXCLUDE_PRIMARY_DATASET,,no
fold_232_smarcc1_fulltail__model_3,fold_232_smarcc1_fulltail,FULLY_EXCLUDE_PRIMARY_DATASET,,no
fold_232_smarcc1_fulltail__model_4,fold_232_smarcc1_fulltail,FULLY_EXCLUDE_PRIMARY_DATASET,,no
fold_233_smarcc2_fulltail__model_0,fold_233_smarcc2_fulltail,FULLY_EXCLUDE_PRIMARY_DATASET,,no
fold_233_smarcc2_fulltail__model_1,fold_233_smarcc2_fulltail,FULLY_EXCLUDE_PRIMARY_DATASET,,no
fold_233_smarcc2_fulltail__model_2,fold_233_smarcc2_fulltail,FULLY_EXCLUDE_PRIMARY_DATASET,,no
fold_233_smarcc2_fulltail__model_3,fold_233_smarcc2_fulltail,FULLY_EXCLUDE_PRIMARY_DATASET,,no
fold_233_smarcc2_fulltail__model_4,fold_233_smarcc2_fulltail,FULLY_EXCLUDE_PRIMARY_DATASET,,no
fold_247_spon2_fulltail__model_0,fold_247_spon2_fulltail,FULLY_EXCLUDE_PRIMARY_DATASET,,no
fold_247_spon2_fulltail__model_1,fold_247_spon2_fulltail,FULLY_EXCLUDE_PRIMARY_DATASET,,no
fold_247_spon2_fulltail__model_2,fold_247_spon2_fulltail,FULLY_EXCLUDE_PRIMARY_DATASET,,no
fold_247_spon2_fulltail__model_3,fold_247_spon2_fulltail,FULLY_EXCLUDE_PRIMARY_DATASET,,no
fold_247_spon2_fulltail__model_4,fold_247_spon2_fulltail,FULLY_EXCLUDE_PRIMARY_DATASET,,no
fold_24_brd7_fulltail__model_0,fold_24_brd7_fulltail,FULLY_EXCLUDE_PRIMARY_DATASET,,no
fold_24_brd7_fulltail__model_1,fold_24_brd7_fulltail,FULLY_EXCLUDE_PRIMARY_DATASET,,no
fold_24_brd7_fulltail__model_2,fold_24_brd7_fulltail,FULLY_EXCLUDE_PRIMARY_DATASET,,no
fold_24_brd7_fulltail__model_3,fold_24_brd7_fulltail,FULLY_EXCLUDE_PRIMARY_DATASET,,no
fold_24_brd7_fulltail__model_4,fold_24_brd7_fulltail,FULLY_EXCLUDE_PRIMARY_DATASET,,no
fold_250_stat5a_fulltail__model_0,fold_250_stat5a_fulltail,FULLY_EXCLUDE_PRIMARY_DATASET,,no
fold_250_stat5a_fulltail__model_1,fold_250_stat5a_fulltail,FULLY_EXCLUDE_PRIMARY_DATASET,,no
fold_250_stat5a_fulltail__model_2,fold_250_stat5a_fulltail,FULLY_EXCLUDE_PRIMARY_DATASET,,no
fold_250_stat5a_fulltail__model_3,fold_250_stat5a_fulltail,FULLY_EXCLUDE_PRIMARY_DATASET,,no
fold_250_stat5a_fulltail__model_4,fold_250_stat5a_fulltail,FULLY_EXCLUDE_PRIMARY_DATASET,,no
fold_251_stat5b_fulltail__model_0,fold_251_stat5b_fulltail,FULLY_EXCLUDE_PRIMARY_DATASET,,no
fold_251_stat5b_fulltail__model_1,fold_251_stat5b_fulltail,FULLY_EXCLUDE_PRIMARY_DATASET,,no
fold_251_stat5b_fulltail__model_2,fold_251_stat5b_fulltail,FULLY_EXCLUDE_PRIMARY_DATASET,,no
fold_251_stat5b_fulltail__model_3,fold_251_stat5b_fulltail,FULLY_EXCLUDE_PRIMARY_DATASET,,no
fold_251_stat5b_fulltail__model_4,fold_251_stat5b_fulltail,FULLY_EXCLUDE_PRIMARY_DATASET,,no
fold_253_tada2a_fulltail__model_0,fold_253_tada2a_fulltail,PARTIAL_CONTACT_MASK,chainH: 1-20,yes
fold_253_tada2a_fulltail__model_1,fold_253_tada2a_fulltail,PARTIAL_CONTACT_MASK,chainH: 1-20,yes
fold_253_tada2a_fulltail__model_2,fold_253_tada2a_fulltail,INTERFACE_EXCLUDE_KEEP_SS,whole model excluded from groove/contact/interface/correlation analyses; retain for global chainH ss only,no
fold_253_tada2a_fulltail__model_3,fold_253_tada2a_fulltail,INTERFACE_EXCLUDE_KEEP_SS,whole model excluded from groove/contact/interface/correlation analyses; retain for global chainH ss only,no
fold_254_taf1l_fulltail__model_0,fold_254_taf1l_fulltail,FULLY_EXCLUDE_PRIMARY_DATASET,,no
fold_254_taf1l_fulltail__model_1,fold_254_taf1l_fulltail,FULLY_EXCLUDE_PRIMARY_DATASET,,no
fold_254_taf1l_fulltail__model_2,fold_254_taf1l_fulltail,FULLY_EXCLUDE_PRIMARY_DATASET,,no
fold_254_taf1l_fulltail__model_3,fold_254_taf1l_fulltail,FULLY_EXCLUDE_PRIMARY_DATASET,,no
fold_254_taf1l_fulltail__model_4,fold_254_taf1l_fulltail,FULLY_EXCLUDE_PRIMARY_DATASET,,no
fold_263_tfdp1_fulltail__model_0,fold_263_tfdp1_fulltail,FULLY_EXCLUDE_PRIMARY_DATASET,,no
fold_263_tfdp1_fulltail__model_1,fold_263_tfdp1_fulltail,FULLY_EXCLUDE_PRIMARY_DATASET,,no
fold_263_tfdp1_fulltail__model_2,fold_263_tfdp1_fulltail,FULLY_EXCLUDE_PRIMARY_DATASET,,no
fold_263_tfdp1_fulltail__model_3,fold_263_tfdp1_fulltail,FULLY_EXCLUDE_PRIMARY_DATASET,,no
fold_263_tfdp1_fulltail__model_4,fold_263_tfdp1_fulltail,FULLY_EXCLUDE_PRIMARY_DATASET,,no
fold_268_tle1_fulltail__model_0,fold_268_tle1_fulltail,FULLY_EXCLUDE_PRIMARY_DATASET,,no
fold_268_tle1_fulltail__model_1,fold_268_tle1_fulltail,FULLY_EXCLUDE_PRIMARY_DATASET,,no
fold_268_tle1_fulltail__model_2,fold_268_tle1_fulltail,FULLY_EXCLUDE_PRIMARY_DATASET,,no
fold_268_tle1_fulltail__model_3,fold_268_tle1_fulltail,FULLY_EXCLUDE_PRIMARY_DATASET,,no
fold_268_tle1_fulltail__model_4,fold_268_tle1_fulltail,FULLY_EXCLUDE_PRIMARY_DATASET,,no
fold_269_tle3_fulltail__model_0,fold_269_tle3_fulltail,FULLY_EXCLUDE_PRIMARY_DATASET,,no
fold_269_tle3_fulltail__model_1,fold_269_tle3_fulltail,FULLY_EXCLUDE_PRIMARY_DATASET,,no
fold_269_tle3_fulltail__model_2,fold_269_tle3_fulltail,FULLY_EXCLUDE_PRIMARY_DATASET,,no
fold_269_tle3_fulltail__model_3,fold_269_tle3_fulltail,FULLY_EXCLUDE_PRIMARY_DATASET,,no
fold_269_tle3_fulltail__model_4,fold_269_tle3_fulltail,FULLY_EXCLUDE_PRIMARY_DATASET,,no
fold_270_tp53_fulltail__model_4,fold_270_tp53_fulltail,PARTIAL_CONTACT_MASK,chainH: 88-100,yes
fold_276_trrap_fulltail__model_0,fold_276_trrap_fulltail,FULLY_EXCLUDE_PRIMARY_DATASET,,no
fold_276_trrap_fulltail__model_1,fold_276_trrap_fulltail,FULLY_EXCLUDE_PRIMARY_DATASET,,no
fold_276_trrap_fulltail__model_2,fold_276_trrap_fulltail,FULLY_EXCLUDE_PRIMARY_DATASET,,no
fold_276_trrap_fulltail__model_3,fold_276_trrap_fulltail,FULLY_EXCLUDE_PRIMARY_DATASET,,no
fold_276_trrap_fulltail__model_4,fold_276_trrap_fulltail,FULLY_EXCLUDE_PRIMARY_DATASET,,no
fold_278_usp11_fulltail__model_0,fold_278_usp11_fulltail,FULLY_EXCLUDE_PRIMARY_DATASET,,no
fold_278_usp11_fulltail__model_1,fold_278_usp11_fulltail,FULLY_EXCLUDE_PRIMARY_DATASET,,no
fold_278_usp11_fulltail__model_2,fold_278_usp11_fulltail,FULLY_EXCLUDE_PRIMARY_DATASET,,no
fold_278_usp11_fulltail__model_3,fold_278_usp11_fulltail,FULLY_EXCLUDE_PRIMARY_DATASET,,no
fold_278_usp11_fulltail__model_4,fold_278_usp11_fulltail,FULLY_EXCLUDE_PRIMARY_DATASET,,no
fold_279_usp22_fulltail__model_0,fold_279_usp22_fulltail,FULLY_EXCLUDE_PRIMARY_DATASET,,no
fold_279_usp22_fulltail__model_1,fold_279_usp22_fulltail,FULLY_EXCLUDE_PRIMARY_DATASET,,no
fold_279_usp22_fulltail__model_2,fold_279_usp22_fulltail,FULLY_EXCLUDE_PRIMARY_DATASET,,no
fold_279_usp22_fulltail__model_3,fold_279_usp22_fulltail,FULLY_EXCLUDE_PRIMARY_DATASET,,no
fold_279_usp22_fulltail__model_4,fold_279_usp22_fulltail,FULLY_EXCLUDE_PRIMARY_DATASET,,no
fold_280_wdr77_fulltail__model_0,fold_280_wdr77_fulltail,FULLY_EXCLUDE_PRIMARY_DATASET,,no
fold_280_wdr77_fulltail__model_1,fold_280_wdr77_fulltail,FULLY_EXCLUDE_PRIMARY_DATASET,,no
fold_280_wdr77_fulltail__model_2,fold_280_wdr77_fulltail,FULLY_EXCLUDE_PRIMARY_DATASET,,no
fold_280_wdr77_fulltail__model_3,fold_280_wdr77_fulltail,FULLY_EXCLUDE_PRIMARY_DATASET,,no
fold_280_wdr77_fulltail__model_4,fold_280_wdr77_fulltail,FULLY_EXCLUDE_PRIMARY_DATASET,,no
fold_28_camta2_fulltail__model_0,fold_28_camta2_fulltail,PARTIAL_CONTACT_MASK,chainH: 136-190,yes
fold_28_camta2_fulltail__model_1,fold_28_camta2_fulltail,PARTIAL_CONTACT_MASK,chainH: 136-190,yes
fold_28_camta2_fulltail__model_2,fold_28_camta2_fulltail,PARTIAL_CONTACT_MASK,chainH: 136-190,yes
fold_28_camta2_fulltail__model_3,fold_28_camta2_fulltail,PARTIAL_CONTACT_MASK,chainH: 136-190,yes
fold_28_camta2_fulltail__model_4,fold_28_camta2_fulltail,PARTIAL_CONTACT_MASK,chainH: 136-190,yes
fold_292_znf644_fulltail__model_0,fold_292_znf644_fulltail,FULLY_EXCLUDE_PRIMARY_DATASET,,no
fold_292_znf644_fulltail__model_4,fold_292_znf644_fulltail,PARTIAL_CONTACT_MASK,chainH: 1-23,yes
fold_29_cdc6_fulltail__model_0,fold_29_cdc6_fulltail,FULLY_EXCLUDE_PRIMARY_DATASET,,no
fold_29_cdc6_fulltail__model_1,fold_29_cdc6_fulltail,FULLY_EXCLUDE_PRIMARY_DATASET,,no
fold_29_cdc6_fulltail__model_2,fold_29_cdc6_fulltail,FULLY_EXCLUDE_PRIMARY_DATASET,,no
fold_29_cdc6_fulltail__model_3,fold_29_cdc6_fulltail,FULLY_EXCLUDE_PRIMARY_DATASET,,no
fold_29_cdc6_fulltail__model_4,fold_29_cdc6_fulltail,FULLY_EXCLUDE_PRIMARY_DATASET,,no
fold_2_abraxas1_fulltail__model_0,fold_2_abraxas1_fulltail,FULLY_EXCLUDE_PRIMARY_DATASET,,no
fold_2_abraxas1_fulltail__model_1,fold_2_abraxas1_fulltail,FULLY_EXCLUDE_PRIMARY_DATASET,,no
fold_2_abraxas1_fulltail__model_2,fold_2_abraxas1_fulltail,FULLY_EXCLUDE_PRIMARY_DATASET,,no
fold_2_abraxas1_fulltail__model_3,fold_2_abraxas1_fulltail,FULLY_EXCLUDE_PRIMARY_DATASET,,no
fold_2_abraxas1_fulltail__model_4,fold_2_abraxas1_fulltail,FULLY_EXCLUDE_PRIMARY_DATASET,,no
fold_31_cdk3_fulltail__model_0,fold_31_cdk3_fulltail,FULLY_EXCLUDE_PRIMARY_DATASET,,no
fold_31_cdk3_fulltail__model_1,fold_31_cdk3_fulltail,FULLY_EXCLUDE_PRIMARY_DATASET,,no
fold_31_cdk3_fulltail__model_2,fold_31_cdk3_fulltail,FULLY_EXCLUDE_PRIMARY_DATASET,,no
fold_31_cdk3_fulltail__model_3,fold_31_cdk3_fulltail,FULLY_EXCLUDE_PRIMARY_DATASET,,no
fold_31_cdk3_fulltail__model_4,fold_31_cdk3_fulltail,FULLY_EXCLUDE_PRIMARY_DATASET,,no
fold_36_chd1l_fulltail__model_1,fold_36_chd1l_fulltail,PARTIAL_CONTACT_MASK,chainH: 1-14,yes
fold_36_chd1l_fulltail__model_4,fold_36_chd1l_fulltail,PARTIAL_CONTACT_MASK,chainH: 1-14,yes
fold_38_chd6_fulltail__model_0,fold_38_chd6_fulltail,FULLY_EXCLUDE_PRIMARY_DATASET,,no
fold_38_chd6_fulltail__model_1,fold_38_chd6_fulltail,FULLY_EXCLUDE_PRIMARY_DATASET,,no
fold_38_chd6_fulltail__model_2,fold_38_chd6_fulltail,FULLY_EXCLUDE_PRIMARY_DATASET,,no
fold_38_chd6_fulltail__model_3,fold_38_chd6_fulltail,FULLY_EXCLUDE_PRIMARY_DATASET,,no
fold_38_chd6_fulltail__model_4,fold_38_chd6_fulltail,FULLY_EXCLUDE_PRIMARY_DATASET,,no
fold_3_ahr_fulltail__model_3,fold_3_ahr_fulltail,PARTIAL_CONTACT_MASK,chainH: 165-190,yes
fold_40_chek2_fulltail__model_0,fold_40_chek2_fulltail,FULLY_EXCLUDE_PRIMARY_DATASET,,no
fold_41_creb3_fulltail__model_0,fold_41_creb3_fulltail,PARTIAL_CONTACT_MASK,chainH: 146-180,yes
fold_41_creb3_fulltail__model_1,fold_41_creb3_fulltail,PARTIAL_CONTACT_MASK,chainH: 86-180,yes
fold_41_creb3_fulltail__model_2,fold_41_creb3_fulltail,NOT_INPAINTED,,yes
fold_58_e2f3_fulltail__model_0,fold_58_e2f3_fulltail,PARTIAL_CONTACT_MASK,chainH: 1-43,yes
fold_58_e2f3_fulltail__model_1,fold_58_e2f3_fulltail,PARTIAL_CONTACT_MASK,chainH: 1-43,yes
fold_58_e2f3_fulltail__model_2,fold_58_e2f3_fulltail,PARTIAL_CONTACT_MASK,chainH: 1-43,yes
fold_58_e2f3_fulltail__model_3,fold_58_e2f3_fulltail,PARTIAL_CONTACT_MASK,chainH: 1-43,yes
fold_58_e2f3_fulltail__model_4,fold_58_e2f3_fulltail,PARTIAL_CONTACT_MASK,chainH: 1-43,yes
fold_59_e2f4_fulltail__model_0,fold_59_e2f4_fulltail,FULLY_EXCLUDE_PRIMARY_DATASET,,no
fold_59_e2f4_fulltail__model_1,fold_59_e2f4_fulltail,FULLY_EXCLUDE_PRIMARY_DATASET,,no
fold_59_e2f4_fulltail__model_2,fold_59_e2f4_fulltail,FULLY_EXCLUDE_PRIMARY_DATASET,,no
fold_59_e2f4_fulltail__model_3,fold_59_e2f4_fulltail,FULLY_EXCLUDE_PRIMARY_DATASET,,no
fold_59_e2f4_fulltail__model_4,fold_59_e2f4_fulltail,FULLY_EXCLUDE_PRIMARY_DATASET,,no
fold_60_e2f5_fulltail__model_0,fold_60_e2f5_fulltail,FULLY_EXCLUDE_PRIMARY_DATASET,,no
fold_60_e2f5_fulltail__model_1,fold_60_e2f5_fulltail,FULLY_EXCLUDE_PRIMARY_DATASET,,no
fold_60_e2f5_fulltail__model_2,fold_60_e2f5_fulltail,FULLY_EXCLUDE_PRIMARY_DATASET,,no
fold_60_e2f5_fulltail__model_3,fold_60_e2f5_fulltail,FULLY_EXCLUDE_PRIMARY_DATASET,,no
fold_60_e2f5_fulltail__model_4,fold_60_e2f5_fulltail,FULLY_EXCLUDE_PRIMARY_DATASET,,no
fold_61_ebf3_fulltail__model_0,fold_61_ebf3_fulltail,FULLY_EXCLUDE_PRIMARY_DATASET,,no
fold_61_ebf3_fulltail__model_1,fold_61_ebf3_fulltail,FULLY_EXCLUDE_PRIMARY_DATASET,,no
fold_61_ebf3_fulltail__model_2,fold_61_ebf3_fulltail,FULLY_EXCLUDE_PRIMARY_DATASET,,no
fold_61_ebf3_fulltail__model_3,fold_61_ebf3_fulltail,FULLY_EXCLUDE_PRIMARY_DATASET,,no
fold_61_ebf3_fulltail__model_4,fold_61_ebf3_fulltail,FULLY_EXCLUDE_PRIMARY_DATASET,,no
fold_66_elp1_fulltail__model_0,fold_66_elp1_fulltail,FULLY_EXCLUDE_PRIMARY_DATASET,,no
fold_66_elp1_fulltail__model_1,fold_66_elp1_fulltail,FULLY_EXCLUDE_PRIMARY_DATASET,,no
fold_66_elp1_fulltail__model_2,fold_66_elp1_fulltail,FULLY_EXCLUDE_PRIMARY_DATASET,,no
fold_66_elp1_fulltail__model_3,fold_66_elp1_fulltail,FULLY_EXCLUDE_PRIMARY_DATASET,,no
fold_66_elp1_fulltail__model_4,fold_66_elp1_fulltail,FULLY_EXCLUDE_PRIMARY_DATASET,,no
fold_69_erbb2_fulltail__model_0,fold_69_erbb2_fulltail,FULLY_EXCLUDE_PRIMARY_DATASET,,no
fold_69_erbb2_fulltail__model_1,fold_69_erbb2_fulltail,FULLY_EXCLUDE_PRIMARY_DATASET,,no
fold_69_erbb2_fulltail__model_2,fold_69_erbb2_fulltail,FULLY_EXCLUDE_PRIMARY_DATASET,,no
fold_69_erbb2_fulltail__model_3,fold_69_erbb2_fulltail,FULLY_EXCLUDE_PRIMARY_DATASET,,no
fold_69_erbb2_fulltail__model_4,fold_69_erbb2_fulltail,FULLY_EXCLUDE_PRIMARY_DATASET,,no
fold_70_ercc5_fulltail__model_0,fold_70_ercc5_fulltail,FULLY_EXCLUDE_PRIMARY_DATASET,,no
fold_70_ercc5_fulltail__model_1,fold_70_ercc5_fulltail,FULLY_EXCLUDE_PRIMARY_DATASET,,no
fold_70_ercc5_fulltail__model_2,fold_70_ercc5_fulltail,FULLY_EXCLUDE_PRIMARY_DATASET,,no
fold_70_ercc5_fulltail__model_3,fold_70_ercc5_fulltail,FULLY_EXCLUDE_PRIMARY_DATASET,,no
fold_70_ercc5_fulltail__model_4,fold_70_ercc5_fulltail,FULLY_EXCLUDE_PRIMARY_DATASET,,no
fold_74_ets2_fulltail__model_3,fold_74_ets2_fulltail,INTERFACE_EXCLUDE_KEEP_SS,whole model excluded from groove/contact/interface/correlation analyses; retain for global chainH ss only,no
fold_7_apbb3_fulltail__model_2,fold_7_apbb3_fulltail,FULLY_EXCLUDE_PRIMARY_DATASET,,no
fold_7_apbb3_fulltail__model_3,fold_7_apbb3_fulltail,FULLY_EXCLUDE_PRIMARY_DATASET,,no
fold_80_exosc10_fulltail__model_0,fold_80_exosc10_fulltail,FULLY_EXCLUDE_PRIMARY_DATASET,,no
fold_80_exosc10_fulltail__model_1,fold_80_exosc10_fulltail,FULLY_EXCLUDE_PRIMARY_DATASET,,no
fold_80_exosc10_fulltail__model_2,fold_80_exosc10_fulltail,FULLY_EXCLUDE_PRIMARY_DATASET,,no
fold_80_exosc10_fulltail__model_3,fold_80_exosc10_fulltail,FULLY_EXCLUDE_PRIMARY_DATASET,,no
fold_80_exosc10_fulltail__model_4,fold_80_exosc10_fulltail,FULLY_EXCLUDE_PRIMARY_DATASET,,no
