receptor_site_id,subunit_or_composite,display_marker,figure3b_hotspot_key,included_in_figure3b_network,representative_af3_chain,representative_construct_local_residue,coordinate_convention,historical_seed,core_residues_construct_local,shoulder_residues_construct_local,analysis_envelope,shoulder_support_rule,outside_envelope_haze_residues_construct_local,component_hotspots,methodological_caveat
SITE_MED15_ABD_A_M47,MED15,MED15 L595,MED15_L76,yes,A,76,AF3 receptor-chain positions are one-based construct-local coordinates; intervals are inclusive,A:47,A:30;40;42-43;45-47;49-50;59-62;64-66;68-69;71-73;75-76;79-80,A:1-12;22-23;25-27;29;31;33-34;36-39;41;44;48;51-53;56-58;63;67;70;74;77-78;81-85,core plus shoulder,within-site support >=0.50 OR global support >=0.70,A:13-21;24;28;32;35;54-55;86-97;99-100;103-115,HOTSPOT_MED15_01,"Stable ID and historical seed A:47 are legacy; final representative is A:76, corresponding to native MED15 L595."
SITE_MED23_MERGED_PRIMARY_G343_G579,MED23,MED23 L343/L579 merged,MED23_L343,yes,G,343,AF3 receptor-chain positions are one-based construct-local coordinates; intervals are inclusive,G:343/G:579,G:239;251;253-255;281;285;288;290-294;296;339-340;342-345;348-351;354-355;358-359;362-364;482-490;492-494;496-497;502-503;533-535;537-542;544-546;548-549;552;576-580;582-583;586-588;590-591;594,G:235-238;242-247;249-250;252;263-265;267-268;272;280;282;284;286-287;289;295;297-299;302;306;309-310;313;316-317;341;346-347;352-353;356-357;360-361;365-366;378-394;396-398;400-407;438-440;446-450;452;459;462-467;478;481;491;495;498;500-501;504;536;543;547;550-551;553-556;574-575;581;584-585;589;592-593;595-596,core plus shoulder,within-site support >=0.50 OR global support >=0.70,G:216-234;240-241;248;256-262;266;269-271;273-279;283;300-301;303-305;307-308;311-312;314-315;318-334;336-338;367-370;376-377;395;399;408-418;426-427;429-437;441-445;451;453-458;460-461;468-472;474;477;479-480;499;505-508;512;515;517-530;532;557-560;562;571;573;597-598;601,HOTSPOT_MED23_04;HOTSPOT_MED23_05;HOTSPOT_MED23_07;HOTSPOT_MED23_08;HOTSPOT_MED23_09,"Broad multilobed site combining the L343 and L579 regions; G is the AF3 chain identifier, not a glycine residue name."
SITE_MED16_MED25_TUNNEL_COMPOSITE,MED16/MED25,MED16 V248/MED25 composite,MED16_V248,yes,D,248,AF3 receptor-chain positions are one-based construct-local coordinates; intervals are inclusive,D:170,D:141-144;154-157;159-176;194-198;200;221-225;243;245-253;256;258;290-292;310-315;337;340-346;362-366;368;397-401;E:41-42;44-48;64-68;72-77;79-80;114-115;117-118;140-144;146-147;149-150,D:91-92;121-122;124;139-140;146;158;177;193;199;201-204;208;220;226-227;244;254-255;257;259-260;270;289;293;316-319;335-336;338;347-348;367;369;372;402-404;414;E:40;43;52;54;61;63;69-70;81;83-84;86-87;111;113;119-120;145;148;151-152,core plus shoulder,within-site support >=0.65 OR global support >=0.80,D:72-90;93-114;116-120;123;125-138;145;147-153;178-185;187-192;205-207;209-210;212-219;228;230-235;241-242;261-269;271-274;276-288;294-309;320-334;339;349-361;370-371;373-396;405-413;415-423;E:9-33;35-39;49-51;53;55-60;62;71;78;82;85;88-93;95-104;106-110;112;116;121-126;133-139;153-165,HOTSPOT_MED16_02;HOTSPOT_MED16_03;HOTSPOT_MED25_02;HOTSPOT_MED25_03,Only the MED16 (chain D) component is represented as a Figure 3B node. This site used the stricter shoulder-support exception: within-site >=0.65 or global >=0.80.
SITE_MED16_T601_SECONDARY,MED16,MED16 T601,MED16_T601,yes,D,601,AF3 receptor-chain positions are one-based construct-local coordinates; intervals are inclusive,D:601,D:567;593-594;596-597;600-603;605-608,D:562;564-566;568;570-571;573-575;577-578;591-592;595;598-599;604;609-610,core plus shoulder,within-site support >=0.50 OR global support >=0.70,D:554-561;563;569;572;576;579-590;611-613;615;618-619;622,HOTSPOT_MED16_06,Final envelope is core plus shoulder.
SITE_MED23_F884_SECONDARY,MED23,MED23 F884,MED23_F884,yes,G,884,AF3 receptor-chain positions are one-based construct-local coordinates; intervals are inclusive,G:884,G:876-878;880-881;884;887-888;891-892;894,G:873-875;879;882-883;885;889-890;893;897-898;900-902;904-905,core plus shoulder,within-site support >=0.50 OR global support >=0.70,G:868-869;871-872;886;895-896;899;903;906-910;912-916;919;923;925-929,HOTSPOT_MED23_16,Final envelope is core plus shoulder; legacy review-state text is not an approval record.
SITE_MED23_Y1303_MANUAL_REVIEW,MED23,MED23 Y1303,MED23_Y1303,yes,G,1303,AF3 receptor-chain positions are one-based construct-local coordinates; intervals are inclusive,G:1303,G:1303-1309,G:1300;1302;1310,core plus shoulder,within-site support >=0.50 OR global support >=0.70,G:1299;1301;1311-1315,HOTSPOT_MED23_28,Final envelope is core plus shoulder; legacy review-state text is not an approval record.
SITE_MED24_V457_MANUAL_REVIEW,MED24,MED24 V457,MED24_V457,yes,F,457,AF3 receptor-chain positions are one-based construct-local coordinates; intervals are inclusive,F:457,F:422-423;428;431-432;435;438-439;442;445;450;453;456-457;460-461;463-466,F:418-421;424-425;427;429;434;436-437;440-441;443-444;446-449;451-452;454-455;458-459;462;467;469-470,core plus shoulder,within-site support >=0.50 OR global support >=0.70,F:413-417;426;430;433;468;473-508;510-511,HOTSPOT_MED24_18,Final envelope is core plus shoulder; legacy review-state text is not an approval record.
SITE_MED24_22_HAZE,MED24,MED24 D653,MED24_D653,yes,F,653,AF3 receptor-chain positions are one-based construct-local coordinates; intervals are inclusive,F:653,F:651-654;656;698;700-705;709-712;721-724;728;732,F:655;657;659-660;675-676;690;694;697;699;706-708;713-720;725;729;731;733;735-736;758-762,core plus shoulder,within-site support >=0.50 OR global support >=0.70,F:650;658;661-664;666-674;677-680;682-683;686-689;691-693;695-696;726-727;730;734;737-741;744-747;749-750;754-757;763-765,HOTSPOT_MED24_22,"Included without downweighting in Figure 3B contact counting. Historical haze/downweighted status applied to linker/warhead remapping, not this network."
SITE_MED23_20_HAZE,MED23,MED23 G986 candidate,,no,G,986,AF3 receptor-chain positions are one-based construct-local coordinates; intervals are inclusive,G:986,G:979-983;985-987;989-990,G:964-965;978;984;991-999,core plus shoulder,within-site support >=0.50 OR global support >=0.70,G:956-963;966-969;971;974;977;988;1000-1005,HOTSPOT_MED23_20,Candidate site retained for provenance but not included among the eight displayed Figure 3B nodes.
