fold_dir,model_number,model_id,ad_resnum,in_threading_local_mask
fold_3_ahr_fulltail,1,fold_3_ahr_fulltail__model_1,87,True
fold_3_ahr_fulltail,1,fold_3_ahr_fulltail__model_1,88,True
fold_3_ahr_fulltail,1,fold_3_ahr_fulltail__model_1,89,True
fold_3_ahr_fulltail,1,fold_3_ahr_fulltail__model_1,90,True
fold_3_ahr_fulltail,1,fold_3_ahr_fulltail__model_1,91,True
fold_3_ahr_fulltail,1,fold_3_ahr_fulltail__model_1,92,True
fold_3_ahr_fulltail,1,fold_3_ahr_fulltail__model_1,93,True
fold_156_myb_fulltail,4,fold_156_myb_fulltail__model_4,50,True
fold_156_myb_fulltail,4,fold_156_myb_fulltail__model_4,51,True
fold_156_myb_fulltail,4,fold_156_myb_fulltail__model_4,52,True
fold_156_myb_fulltail,4,fold_156_myb_fulltail__model_4,53,True
fold_225_senp3_fulltail,0,fold_225_senp3_fulltail__model_0,39,True
fold_225_senp3_fulltail,0,fold_225_senp3_fulltail__model_0,40,True
fold_225_senp3_fulltail,0,fold_225_senp3_fulltail__model_0,41,True
fold_225_senp3_fulltail,0,fold_225_senp3_fulltail__model_0,42,True
fold_225_senp3_fulltail,0,fold_225_senp3_fulltail__model_0,43,True
fold_225_senp3_fulltail,0,fold_225_senp3_fulltail__model_0,44,True
fold_225_senp3_fulltail,0,fold_225_senp3_fulltail__model_0,45,True
fold_225_senp3_fulltail,0,fold_225_senp3_fulltail__model_0,46,True
fold_225_senp3_fulltail,0,fold_225_senp3_fulltail__model_0,47,True
fold_225_senp3_fulltail,0,fold_225_senp3_fulltail__model_0,48,True
fold_225_senp3_fulltail,0,fold_225_senp3_fulltail__model_0,49,True
fold_225_senp3_fulltail,0,fold_225_senp3_fulltail__model_0,50,True
fold_225_senp3_fulltail,0,fold_225_senp3_fulltail__model_0,51,True
fold_225_senp3_fulltail,0,fold_225_senp3_fulltail__model_0,52,True
fold_225_senp3_fulltail,0,fold_225_senp3_fulltail__model_0,53,True
fold_225_senp3_fulltail,0,fold_225_senp3_fulltail__model_0,54,True
fold_225_senp3_fulltail,0,fold_225_senp3_fulltail__model_0,55,True
fold_156_myb_fulltail,0,fold_156_myb_fulltail__model_0,50,True
fold_156_myb_fulltail,0,fold_156_myb_fulltail__model_0,51,True
fold_156_myb_fulltail,0,fold_156_myb_fulltail__model_0,52,True
fold_156_myb_fulltail,0,fold_156_myb_fulltail__model_0,53,True
fold_139_kmt2c_fulltail,1,fold_139_kmt2c_fulltail__model_1,26,True
fold_139_kmt2c_fulltail,1,fold_139_kmt2c_fulltail__model_1,27,True
fold_139_kmt2c_fulltail,1,fold_139_kmt2c_fulltail__model_1,28,True
fold_139_kmt2c_fulltail,1,fold_139_kmt2c_fulltail__model_1,29,True
fold_139_kmt2c_fulltail,1,fold_139_kmt2c_fulltail__model_1,30,True
fold_41_creb3_fulltail,0,fold_41_creb3_fulltail__model_0,36,True
fold_41_creb3_fulltail,0,fold_41_creb3_fulltail__model_0,37,True
fold_41_creb3_fulltail,0,fold_41_creb3_fulltail__model_0,38,True
fold_41_creb3_fulltail,0,fold_41_creb3_fulltail__model_0,39,True
fold_41_creb3_fulltail,0,fold_41_creb3_fulltail__model_0,40,True
fold_41_creb3_fulltail,0,fold_41_creb3_fulltail__model_0,41,True
fold_41_creb3_fulltail,0,fold_41_creb3_fulltail__model_0,42,True
fold_41_creb3_fulltail,0,fold_41_creb3_fulltail__model_0,43,True
fold_41_creb3_fulltail,0,fold_41_creb3_fulltail__model_0,44,True
fold_41_creb3_fulltail,0,fold_41_creb3_fulltail__model_0,45,True
fold_203_pou2af1_fulltail,3,fold_203_pou2af1_fulltail__model_3,65,True
fold_203_pou2af1_fulltail,3,fold_203_pou2af1_fulltail__model_3,66,True
fold_203_pou2af1_fulltail,3,fold_203_pou2af1_fulltail__model_3,67,True
fold_203_pou2af1_fulltail,3,fold_203_pou2af1_fulltail__model_3,68,True
fold_203_pou2af1_fulltail,3,fold_203_pou2af1_fulltail__model_3,69,True
fold_203_pou2af1_fulltail,3,fold_203_pou2af1_fulltail__model_3,70,True
fold_203_pou2af1_fulltail,3,fold_203_pou2af1_fulltail__model_3,71,True
fold_56_e2f1_fulltail,3,fold_56_e2f1_fulltail__model_3,39,True
fold_56_e2f1_fulltail,3,fold_56_e2f1_fulltail__model_3,40,True
fold_56_e2f1_fulltail,3,fold_56_e2f1_fulltail__model_3,41,True
fold_56_e2f1_fulltail,3,fold_56_e2f1_fulltail__model_3,42,True
fold_56_e2f1_fulltail,3,fold_56_e2f1_fulltail__model_3,43,True
fold_56_e2f1_fulltail,3,fold_56_e2f1_fulltail__model_3,44,True
fold_56_e2f1_fulltail,3,fold_56_e2f1_fulltail__model_3,45,True
