hotspot_1,hotspot_2,supporting_models,fraction_usable_models,usable_model_denominator
MED16_V248,MED23_L343,513,0.4503950834064969,1139
MED15_L76,MED23_L343,288,0.2528533801580334,1139
MED23_L343,MED23_Y1303,201,0.17647058823529413,1139
MED15_L76,MED16_V248,126,0.1106233538191396,1139
MED15_L76,MED23_Y1303,67,0.058823529411764705,1139
MED16_V248,MED23_Y1303,57,0.05004389815627744,1139
MED16_V248,MED24_D653,47,0.041264266900790166,1139
MED16_T601,MED23_L343,44,0.038630377524143986,1139
MED24_D653,MED23_L343,39,0.03424056189640035,1139
MED23_L343,MED23_F884,36,0.03160667251975417,1139
MED15_L76,MED16_T601,32,0.028094820017559263,1139
MED16_V248,MED24_V457,29,0.025460930640913083,1139
MED16_V248,MED16_T601,18,0.015803336259877086,1139
MED16_V248,MED23_F884,15,0.013169446883230905,1139
MED24_V457,MED23_L343,10,0.00877963125548727,1139
MED15_L76,MED23_F884,8,0.007023705004389816,1139
MED16_T601,MED23_Y1303,7,0.006145741878841089,1139
MED24_V457,MED23_F884,7,0.006145741878841089,1139
MED23_F884,MED23_Y1303,6,0.0052677787532923615,1139
MED15_L76,MED24_D653,5,0.004389815627743635,1139
MED24_D653,MED23_Y1303,4,0.003511852502194908,1139
MED15_L76,MED24_V457,3,0.0026338893766461808,1139
MED24_V457,MED24_D653,1,0.000877963125548727,1139
MED24_V457,MED23_Y1303,1,0.000877963125548727,1139
MED16_T601,MED23_F884,1,0.000877963125548727,1139
MED24_D653,MED23_F884,1,0.000877963125548727,1139
MED16_T601,MED24_V457,1,0.000877963125548727,1139
