panel,series,offset,mean_contact_percentile,ci95_low,ci95_high,n_windows,n_valid_at_offset
contact_landscape,GoF,-30,0.5159306332055891,0.4726703386939387,0.5594337408308001,234,172
contact_landscape,GoF,-29,0.5153268776690636,0.47325993473203987,0.5579453893293916,234,179
contact_landscape,GoF,-28,0.522813762973873,0.4811843552150508,0.5653746066885251,234,179
contact_landscape,GoF,-27,0.5290472261032189,0.48738308246726975,0.5697173019819057,234,179
contact_landscape,GoF,-26,0.5254008436223088,0.4825742035611105,0.5657347544498823,234,179
contact_landscape,GoF,-25,0.5161242530561646,0.4736755877367689,0.5577291450837002,234,193
contact_landscape,GoF,-24,0.5235599157431612,0.48144556929965704,0.5651119588097514,234,193
contact_landscape,GoF,-23,0.5318464298703651,0.4884127032761336,0.5717221173342912,234,193
contact_landscape,GoF,-22,0.5315500700042382,0.4887614876123704,0.5702564289561661,234,193
contact_landscape,GoF,-21,0.53238455512771,0.4903608539057337,0.5703975660415059,234,193
contact_landscape,GoF,-20,0.535449897160609,0.49495342655300106,0.5735969228510087,234,193
contact_landscape,GoF,-19,0.5226342431676474,0.48481873191505687,0.5599722612118366,234,204
contact_landscape,GoF,-18,0.5163893969405317,0.47765361004190277,0.5531578281095493,234,204
contact_landscape,GoF,-17,0.5073187166079925,0.46829297542305953,0.5443671552539253,234,204
contact_landscape,GoF,-16,0.5047677973879946,0.4644347110275905,0.5427785488568939,234,204
contact_landscape,GoF,-15,0.4965723912055138,0.45686817708368643,0.5344283944111794,234,211
contact_landscape,GoF,-14,0.4875291197483671,0.4488686148832848,0.5264884087316072,234,211
contact_landscape,GoF,-13,0.47409490948329175,0.43597215498387787,0.5134128403005852,234,211
contact_landscape,GoF,-12,0.4689186901308153,0.43059232132673514,0.508805019139155,234,211
contact_landscape,GoF,-11,0.4661453147776048,0.42846869484024624,0.505869456750172,234,211
contact_landscape,GoF,-10,0.45787655104354547,0.4196643013179688,0.4980302051133822,234,211
contact_landscape,GoF,-9,0.44463873132361326,0.4082263234981689,0.48302624288334384,234,222
contact_landscape,GoF,-8,0.4446314815734399,0.40855433044858125,0.4831527510502849,234,222
contact_landscape,GoF,-7,0.44087698609991605,0.4048908123706864,0.477546110183507,234,222
contact_landscape,GoF,-6,0.4396680008987863,0.4036045385153411,0.47664548078473923,234,222
contact_landscape,GoF,-5,0.42946089493874423,0.39305343932417514,0.4663553409220383,234,234
contact_landscape,GoF,-4,0.4286970576235119,0.39213417392954664,0.46543567360296184,234,234
contact_landscape,GoF,-3,0.4314428875062674,0.39478643980702655,0.46748759640617404,234,234
contact_landscape,GoF,-2,0.43000159882036815,0.3923415333130361,0.46699025807230954,234,234
contact_landscape,GoF,-1,0.4274076022138695,0.3910055371563331,0.46450737717448093,234,234
contact_landscape,GoF,0,0.4285603518303043,0.39221322929615954,0.46604257477714917,234,234
contact_landscape,GoF,1,0.43608045435388887,0.39871434745947315,0.47296071870945977,234,234
contact_landscape,GoF,2,0.4477602882165081,0.41162285547788596,0.48374026278119675,234,234
contact_landscape,GoF,3,0.45838617072176685,0.4209646001337532,0.4952861480527739,234,234
contact_landscape,GoF,4,0.4726634474473541,0.4341352046445012,0.510565218314537,234,234
contact_landscape,GoF,5,0.483893566334847,0.4440294525368908,0.5215143658035842,234,228
contact_landscape,GoF,6,0.4881708983953066,0.45004417481433584,0.5261163645891055,234,228
contact_landscape,GoF,7,0.4974593705183184,0.45938279551088573,0.5363509869220371,234,228
contact_landscape,GoF,8,0.5016605970055634,0.46317165492646006,0.5412767841026688,234,228
contact_landscape,GoF,9,0.5031832275312927,0.46331011701764074,0.542983765555498,234,228
contact_landscape,GoF,10,0.5043753212340167,0.46481549968455926,0.5449685673244304,234,228
contact_landscape,GoF,11,0.5153952920938124,0.4763454351026595,0.5536978664250019,234,221
contact_landscape,GoF,12,0.5145824771946305,0.475779710452906,0.5540477934712942,234,221
contact_landscape,GoF,13,0.521981841726573,0.48332149429407184,0.5607898603623737,234,221
contact_landscape,GoF,14,0.5257962578333065,0.48660367173574787,0.5653585726235136,234,221
contact_landscape,GoF,15,0.524099982058725,0.48457189477181,0.5650662394634387,234,206
contact_landscape,GoF,16,0.521759788013315,0.4822150124594458,0.5611946101688445,234,206
contact_landscape,GoF,17,0.5245984959155375,0.48533550862531244,0.5634835349373816,234,206
contact_landscape,GoF,18,0.5241290115367759,0.4854877289042817,0.5628321093408998,234,206
contact_landscape,GoF,19,0.5268682598054992,0.4888311784808845,0.5646787787463394,234,206
contact_landscape,GoF,20,0.5249270247328883,0.487224579031022,0.5637353597084832,234,206
contact_landscape,GoF,21,0.5309947844495718,0.49393788438313274,0.570290705709462,234,196
contact_landscape,GoF,22,0.5268212566243395,0.4889400219905097,0.5673715078371157,234,196
contact_landscape,GoF,23,0.5250930822250551,0.48750901771156635,0.564744643699425,234,196
contact_landscape,GoF,24,0.5236974678776127,0.48744973750987713,0.5630992990059609,234,196
contact_landscape,GoF,25,0.519423545917502,0.4842425223516721,0.5581973777030677,234,182
contact_landscape,GoF,26,0.5195861971108894,0.4823480801987182,0.5593552231155734,234,182
contact_landscape,GoF,27,0.5233418371857892,0.4846783001553909,0.5642783864539476,234,182
contact_landscape,GoF,28,0.5243330551196103,0.4869262921846388,0.5647312603249167,234,182
contact_landscape,GoF,29,0.5285289992107337,0.4897398900316275,0.5688358537361395,234,182
contact_landscape,GoF,30,0.5293149670909492,0.4907787892509431,0.5693645989370079,234,181
contact_landscape,GoF +0.5,-30,0.5185426582976288,0.45711026917053854,0.5802646270215189,101,77
contact_landscape,GoF +0.5,-29,0.5138418819007673,0.4502523271617571,0.5762535871322606,101,80
contact_landscape,GoF +0.5,-28,0.5290802827126414,0.46532319615106305,0.5893559330424091,101,80
contact_landscape,GoF +0.5,-27,0.5499073763219554,0.4887730667026038,0.6098270772373253,101,80
contact_landscape,GoF +0.5,-26,0.557354487923794,0.49669665514364764,0.6171657514471197,101,80
contact_landscape,GoF +0.5,-25,0.5390031877811873,0.48033376512841375,0.5942998784577643,101,86
contact_landscape,GoF +0.5,-24,0.5483713484852143,0.487702020978274,0.6070535816282846,101,86
contact_landscape,GoF +0.5,-23,0.5609929147878049,0.5007511510289475,0.6198481943203068,101,86
contact_landscape,GoF +0.5,-22,0.5608364113382203,0.5002302050716875,0.6207646924006083,101,86
contact_landscape,GoF +0.5,-21,0.5636989653661949,0.5029613355677253,0.6234871799492749,101,86
contact_landscape,GoF +0.5,-20,0.5646546832879618,0.5054569210148866,0.6233414115989517,101,86
contact_landscape,GoF +0.5,-19,0.5435354030238612,0.48799977884314194,0.5973668115180049,101,93
contact_landscape,GoF +0.5,-18,0.5437742105344519,0.49032683048020925,0.5956432784822295,101,93
contact_landscape,GoF +0.5,-17,0.5373205804514526,0.4849030759955012,0.5901588383139272,101,93
contact_landscape,GoF +0.5,-16,0.5354574748703224,0.4832294941231123,0.5870683722944751,101,93
contact_landscape,GoF +0.5,-15,0.5306496004499721,0.47700058063834677,0.5820184992776027,101,97
contact_landscape,GoF +0.5,-14,0.5181316033137708,0.46535983469155945,0.5698214685127485,101,97
contact_landscape,GoF +0.5,-13,0.5070771245993653,0.4541162448081979,0.5611137694208889,101,97
contact_landscape,GoF +0.5,-12,0.502500250331376,0.44874364289322527,0.5562269356875589,101,97
contact_landscape,GoF +0.5,-11,0.5003387218279468,0.44697907110994406,0.5533708552998744,101,97
contact_landscape,GoF +0.5,-10,0.4961414835815945,0.44143848682282266,0.5509034349864191,101,97
contact_landscape,GoF +0.5,-9,0.4813038220702605,0.42744036396487567,0.5337005285020517,101,100
contact_landscape,GoF +0.5,-8,0.4784469426614492,0.42481315719607576,0.5321605928171076,101,100
contact_landscape,GoF +0.5,-7,0.46287100395395625,0.4079771069771014,0.5179814252617544,101,100
contact_landscape,GoF +0.5,-6,0.452710384892586,0.39680552326519025,0.5072956830944813,101,100
contact_landscape,GoF +0.5,-5,0.4496174515593213,0.393759350939995,0.5056033504979426,101,101
contact_landscape,GoF +0.5,-4,0.4420875938911009,0.38410277190834313,0.49642833943289705,101,101
contact_landscape,GoF +0.5,-3,0.4307915015848469,0.3739408991519036,0.4867366163568117,101,101
contact_landscape,GoF +0.5,-2,0.4222265559276616,0.36566562190653495,0.47576353944050376,101,101
contact_landscape,GoF +0.5,-1,0.4142689404486866,0.3578519994617171,0.46791594796878266,101,101
contact_landscape,GoF +0.5,0,0.4150228897691229,0.3602002988581113,0.46751013719494766,101,101
contact_landscape,GoF +0.5,1,0.42763017238937706,0.3744874406447161,0.47914628679977944,101,101
contact_landscape,GoF +0.5,2,0.4478509973896155,0.3954462913574847,0.5008253936317149,101,101
contact_landscape,GoF +0.5,3,0.46180751534917236,0.40790673943236816,0.5162032807260166,101,101
contact_landscape,GoF +0.5,4,0.4846144415956941,0.429001151441749,0.539370229466443,101,101
contact_landscape,GoF +0.5,5,0.49456652855611183,0.4381388971989485,0.5497329451441059,101,99
contact_landscape,GoF +0.5,6,0.5013901470589986,0.44513728618667914,0.556407205831676,101,99
contact_landscape,GoF +0.5,7,0.5127159704288755,0.45608508791387853,0.5695550374846323,101,99
contact_landscape,GoF +0.5,8,0.5111316876678706,0.452754719290035,0.5671938979647322,101,99
contact_landscape,GoF +0.5,9,0.506914187314406,0.4492765738046191,0.5629064348506334,101,99
contact_landscape,GoF +0.5,10,0.5000372900026565,0.4434997838590093,0.5539741587990762,101,99
contact_landscape,GoF +0.5,11,0.5194524556416822,0.46525428681712006,0.5729098338960996,101,93
contact_landscape,GoF +0.5,12,0.5186386562756008,0.46599879669380795,0.5725395240537469,101,93
contact_landscape,GoF +0.5,13,0.5244186879844821,0.4729329183645795,0.5768498397334493,101,93
contact_landscape,GoF +0.5,14,0.5286110832021207,0.4766596700214572,0.5827887254613402,101,93
contact_landscape,GoF +0.5,15,0.5293124665282403,0.47590100591498796,0.587799097380206,101,89
contact_landscape,GoF +0.5,16,0.5284489280063766,0.4720595472696632,0.586704579793962,101,89
contact_landscape,GoF +0.5,17,0.5305104604485551,0.4724795584721199,0.5908718365953595,101,89
contact_landscape,GoF +0.5,18,0.5254843026333622,0.46396808488429037,0.5856958088117293,101,89
contact_landscape,GoF +0.5,19,0.519262055820219,0.4567970718696699,0.5793175960204627,101,89
contact_landscape,GoF +0.5,20,0.5114242670908393,0.45000422689131087,0.5716462235578741,101,89
contact_landscape,GoF +0.5,21,0.5243831699465074,0.4631483562676626,0.5833948455515845,101,85
contact_landscape,GoF +0.5,22,0.5223192191229749,0.46232473539750996,0.5823229266745698,101,85
contact_landscape,GoF +0.5,23,0.5329046202238973,0.47291287577069596,0.5924941403857434,101,85
contact_landscape,GoF +0.5,24,0.5290949238489467,0.4703295712900404,0.5882298478903267,101,85
contact_landscape,GoF +0.5,25,0.5374235023047702,0.4752768886079068,0.5964738297036424,101,79
contact_landscape,GoF +0.5,26,0.5419498894585844,0.4794048615754764,0.602310628770832,101,79
contact_landscape,GoF +0.5,27,0.5455479401793443,0.48377258566725045,0.606192306775979,101,79
contact_landscape,GoF +0.5,28,0.5380872203363145,0.4791676299055976,0.5988615395717473,101,79
contact_landscape,GoF +0.5,29,0.5382507581427387,0.47958504195977203,0.5988599762059033,101,79
contact_landscape,GoF +0.5,30,0.5347726411902259,0.47649410555723454,0.5960494972067722,101,79
contact_landscape,GoF Q85,-30,0.5438384083964517,0.4514836070960447,0.6389375487706344,38,28
contact_landscape,GoF Q85,-29,0.5568553916307267,0.4658108069037875,0.6491823720799104,38,29
contact_landscape,GoF Q85,-28,0.5745783606830237,0.48684887750224914,0.6624773944970312,38,29
contact_landscape,GoF Q85,-27,0.6028045721021104,0.5169734551597316,0.6890452446656127,38,29
contact_landscape,GoF Q85,-26,0.6259640499763298,0.537405791197033,0.7118145006417577,38,29
contact_landscape,GoF Q85,-25,0.6248007738134524,0.5296926612887871,0.7161357751048362,38,31
contact_landscape,GoF Q85,-24,0.6427177398503185,0.5434136408651508,0.7366384828493557,38,31
contact_landscape,GoF Q85,-23,0.6604787780572325,0.5543052803869326,0.7569411215371349,38,31
contact_landscape,GoF Q85,-22,0.6595806785771323,0.552417132588094,0.7566120797304,38,31
contact_landscape,GoF Q85,-21,0.6614051777022779,0.5551530919475645,0.7581383402805079,38,31
contact_landscape,GoF Q85,-20,0.6649647555954036,0.5570807253126033,0.7623235347106382,38,31
contact_landscape,GoF Q85,-19,0.6089107070633857,0.49626754420998553,0.7152121563463888,38,34
contact_landscape,GoF Q85,-18,0.6076889643603516,0.5005410896412935,0.7134073161816419,38,34
contact_landscape,GoF Q85,-17,0.6035850791440808,0.49720844497616973,0.6997124897157344,38,34
contact_landscape,GoF Q85,-16,0.5974437650921375,0.48982638902105,0.6941575882528047,38,34
contact_landscape,GoF Q85,-15,0.5747856889739394,0.4724242910893005,0.6679621458603394,38,36
contact_landscape,GoF Q85,-14,0.5540517090394909,0.4587563745638964,0.6434854706619704,38,36
contact_landscape,GoF Q85,-13,0.5337423138015903,0.4419760041923036,0.6264962773374244,38,36
contact_landscape,GoF Q85,-12,0.5171634857733333,0.42562119289222705,0.6123805401154693,38,36
contact_landscape,GoF Q85,-11,0.5004199141474461,0.4136011461897615,0.5880186080386092,38,36
contact_landscape,GoF Q85,-10,0.4951818120232254,0.4109894784205257,0.5791739456890174,38,36
contact_landscape,GoF Q85,-9,0.4698379430733748,0.38500156850104794,0.5555046205457451,38,38
contact_landscape,GoF Q85,-8,0.4748660649866758,0.3932054177518354,0.555149873398738,38,38
contact_landscape,GoF Q85,-7,0.4617832407689381,0.3798010032453823,0.5437363873705208,38,38
contact_landscape,GoF Q85,-6,0.46113126473600774,0.3778301766023068,0.5465472424794402,38,38
contact_landscape,GoF Q85,-5,0.4490600622480689,0.36594260324923167,0.537267216929712,38,38
contact_landscape,GoF Q85,-4,0.44964517171120516,0.36360440146267853,0.5414295080017649,38,38
contact_landscape,GoF Q85,-3,0.4358229560279684,0.3476680241756803,0.5248888704704932,38,38
contact_landscape,GoF Q85,-2,0.43405810092621205,0.3492892498791231,0.518672565924634,38,38
contact_landscape,GoF Q85,-1,0.42651674595419903,0.34386005096948635,0.5081894776350233,38,38
contact_landscape,GoF Q85,0,0.43076842344274585,0.3493455415758986,0.5108721087752311,38,38
contact_landscape,GoF Q85,1,0.44788188391493683,0.3707280058649946,0.5217418261898159,38,38
contact_landscape,GoF Q85,2,0.47262081620261054,0.3951761898898583,0.544079251993269,38,38
contact_landscape,GoF Q85,3,0.4877450245569886,0.4028773369297617,0.5690625836348572,38,38
contact_landscape,GoF Q85,4,0.5107338031349756,0.421528971173749,0.5958429691335871,38,38
contact_landscape,GoF Q85,5,0.5356621085369145,0.44592430905732894,0.6260230618465868,38,37
contact_landscape,GoF Q85,6,0.5468135708969474,0.4561760638490248,0.6316718404083707,38,37
contact_landscape,GoF Q85,7,0.5626884165520025,0.4698985024563442,0.6496706122767837,38,37
contact_landscape,GoF Q85,8,0.555198293895238,0.4602390832966128,0.6421511942074865,38,37
contact_landscape,GoF Q85,9,0.5427177364126503,0.4517633726067074,0.6316504122356261,38,37
contact_landscape,GoF Q85,10,0.5326486241502482,0.444411414305067,0.6168751451238578,38,37
contact_landscape,GoF Q85,11,0.5826018985033896,0.5052225268461717,0.6606668671252438,38,33
contact_landscape,GoF Q85,12,0.5656340879429019,0.4896747352306869,0.6429128871827515,38,33
contact_landscape,GoF Q85,13,0.5643835262576495,0.49283777602325995,0.6392383020061662,38,33
contact_landscape,GoF Q85,14,0.5631757895444505,0.490319040810711,0.6425703813410439,38,33
contact_landscape,GoF Q85,15,0.5627893486794069,0.4798471475792778,0.6453962941520431,38,31
contact_landscape,GoF Q85,16,0.5566329586034162,0.46900053437792666,0.6428984800229648,38,31
contact_landscape,GoF Q85,17,0.5520688351885831,0.4611551024456358,0.6471412183283561,38,31
contact_landscape,GoF Q85,18,0.5417437462810709,0.44680304227471496,0.640868135513306,38,31
contact_landscape,GoF Q85,19,0.5386138712961668,0.43484006412783793,0.6469177126217689,38,31
contact_landscape,GoF Q85,20,0.5342562919612595,0.43443264446522184,0.6413685607762183,38,31
contact_landscape,GoF Q85,21,0.5516134424405075,0.4539971229944282,0.6514681039963602,38,30
contact_landscape,GoF Q85,22,0.5515486797024869,0.45287256740807796,0.6441627387511282,38,30
contact_landscape,GoF Q85,23,0.5621029945144326,0.4666118972963797,0.6526022051690802,38,30
contact_landscape,GoF Q85,24,0.550570799098296,0.45565279337138254,0.641520901126013,38,30
contact_landscape,GoF Q85,25,0.5583170953630465,0.46839897591519797,0.6437826990093385,38,30
contact_landscape,GoF Q85,26,0.5708590491787601,0.4874775851633028,0.6485931682482988,38,30
contact_landscape,GoF Q85,27,0.5695633970788294,0.4843356343433434,0.6469185160230916,38,30
contact_landscape,GoF Q85,28,0.5631229556487778,0.48201676271235766,0.6409164981249462,38,30
contact_landscape,GoF Q85,29,0.561461244881287,0.4814991645191145,0.6364393147025926,38,30
contact_landscape,GoF Q85,30,0.54171529608183,0.45934220389164077,0.6195618607466188,38,30
contact_landscape,Neutral,-30,0.5095137487212978,0.49475686878910924,0.525409878893763,1838,1337
contact_landscape,Neutral,-29,0.5099806400405053,0.4956826194032669,0.5251235767569438,1838,1432
contact_landscape,Neutral,-28,0.5124456980288691,0.4978949927449518,0.5275740742379632,1838,1432
contact_landscape,Neutral,-27,0.5112645102559488,0.4966900924249361,0.5267007129370151,1838,1432
contact_landscape,Neutral,-26,0.5100057410739378,0.4952945339378234,0.5261060349020511,1838,1432
contact_landscape,Neutral,-25,0.503835847100408,0.4891019376742784,0.519359123270359,1838,1523
contact_landscape,Neutral,-24,0.505632011676364,0.4906784216415498,0.5207155044563605,1838,1523
contact_landscape,Neutral,-23,0.506081581267347,0.4911058748814823,0.5206990171378643,1838,1523
contact_landscape,Neutral,-22,0.5034750705264457,0.489014475629828,0.5181183493632898,1838,1523
contact_landscape,Neutral,-21,0.5021077544858301,0.48768305110790816,0.5164168059436605,1838,1523
contact_landscape,Neutral,-20,0.5005349905341138,0.48664905568702094,0.5151807763627657,1838,1523
contact_landscape,Neutral,-19,0.4970070137621165,0.4836460736743528,0.5112786919000096,1838,1613
contact_landscape,Neutral,-18,0.4987592337611345,0.4852154000981559,0.5132269968263148,1838,1613
contact_landscape,Neutral,-17,0.499172115195162,0.4856455207954028,0.5133674218602892,1838,1613
contact_landscape,Neutral,-16,0.4967290897839855,0.4834727372912729,0.5106212442162376,1838,1613
contact_landscape,Neutral,-15,0.49377563149368675,0.4801855800108754,0.5072934596107314,1838,1706
contact_landscape,Neutral,-14,0.49505043972972473,0.48129486731189525,0.5088048603646264,1838,1706
contact_landscape,Neutral,-13,0.4945617296586342,0.48061866724006075,0.5084793561128106,1838,1706
contact_landscape,Neutral,-12,0.49321829618586804,0.47961761079296833,0.5070265023503001,1838,1706
contact_landscape,Neutral,-11,0.49198374942477685,0.4784540977867221,0.5058877306159245,1838,1706
contact_landscape,Neutral,-10,0.4873927805385866,0.47340770629390466,0.5011203157947753,1838,1706
contact_landscape,Neutral,-9,0.4812705966871687,0.4675769148998622,0.4945185430165843,1838,1769
contact_landscape,Neutral,-8,0.477313098397879,0.46382392677118234,0.49092497369863913,1838,1769
contact_landscape,Neutral,-7,0.47134753010006863,0.4575781416014455,0.485303016393572,1838,1769
contact_landscape,Neutral,-6,0.4637330736750458,0.45001999115032776,0.47794743161246883,1838,1769
contact_landscape,Neutral,-5,0.45348218101327087,0.43966798237274185,0.46692224567967794,1838,1838
contact_landscape,Neutral,-4,0.44781714728938327,0.4343744091742776,0.4609018658239071,1838,1838
contact_landscape,Neutral,-3,0.44387131161852056,0.4309092103826158,0.4568063604970978,1838,1838
contact_landscape,Neutral,-2,0.43758555430814716,0.42498562871778556,0.4503978383670574,1838,1838
contact_landscape,Neutral,-1,0.43435651374408907,0.42174889578119745,0.4467441691863338,1838,1838
contact_landscape,Neutral,0,0.43446943096112034,0.42208733170730633,0.44755730219501344,1838,1838
contact_landscape,Neutral,1,0.43391499790460425,0.42174015560598205,0.44701132122636444,1838,1838
contact_landscape,Neutral,2,0.4354938548289815,0.4234615038054534,0.4483045008664056,1838,1838
contact_landscape,Neutral,3,0.43971905491869645,0.42746686719934596,0.4522251148394048,1838,1838
contact_landscape,Neutral,4,0.4423701952591904,0.4300721805301434,0.45515174937160346,1838,1838
contact_landscape,Neutral,5,0.44899982729425614,0.43670776524987825,0.4617985523391488,1838,1768
contact_landscape,Neutral,6,0.4567883704316637,0.44425479755931274,0.469696404433167,1838,1767
contact_landscape,Neutral,7,0.4639044907990173,0.4510422413127845,0.4766887581612968,1838,1766
contact_landscape,Neutral,8,0.46974150710840956,0.4566722465263574,0.4824047586426544,1838,1766
contact_landscape,Neutral,9,0.4761230260498809,0.4625453277053731,0.4887932807670943,1838,1766
contact_landscape,Neutral,10,0.4789954454813818,0.4656763100221549,0.49144245384456603,1838,1764
contact_landscape,Neutral,11,0.4853452077834204,0.4718523921818718,0.49843783146980664,1838,1695
contact_landscape,Neutral,12,0.4888289681386339,0.4748580036282077,0.5023183150107507,1838,1695
contact_landscape,Neutral,13,0.4933874236841884,0.4796010392064976,0.5073602788664244,1838,1695
contact_landscape,Neutral,14,0.4942304382042059,0.48051568239127723,0.5086595803259379,1838,1693
contact_landscape,Neutral,15,0.49876397658584537,0.4849746893222038,0.5128305806639205,1838,1611
contact_landscape,Neutral,16,0.5008364833622169,0.4872408455360239,0.5146957160052107,1838,1609
contact_landscape,Neutral,17,0.5056582009926089,0.49205653957440304,0.5190357796371127,1838,1609
contact_landscape,Neutral,18,0.5082243963213854,0.49476617570080167,0.521760662107528,1838,1609
contact_landscape,Neutral,19,0.5103602767058818,0.4970521885559515,0.5242303947136238,1838,1609
contact_landscape,Neutral,20,0.5104726490083086,0.4966792797461972,0.5245271485610609,1838,1606
contact_landscape,Neutral,21,0.512436119159735,0.49887064864143577,0.5270057774614436,1838,1531
contact_landscape,Neutral,22,0.5157976214398381,0.5019137145526301,0.5299349365661031,1838,1531
contact_landscape,Neutral,23,0.5190937036954004,0.505309389402252,0.5331871832458774,1838,1530
contact_landscape,Neutral,24,0.5196213503569379,0.5060010843995332,0.5337875052082656,1838,1529
contact_landscape,Neutral,25,0.5235567550706487,0.5092204797055738,0.5386754648861223,1838,1439
contact_landscape,Neutral,26,0.5256737149516055,0.5117836655965394,0.5404078280628533,1838,1436
contact_landscape,Neutral,27,0.5261181867211993,0.5119252067068673,0.5410447969922028,1838,1434
contact_landscape,Neutral,28,0.5260846175232937,0.5115908144493008,0.5407379640386537,1838,1434
contact_landscape,Neutral,29,0.5262647255990207,0.5118818942094412,0.5401324050333997,1838,1434
contact_landscape,Neutral,30,0.5263377825286575,0.5118375780260751,0.5403938336815127,1838,1432
contact_landscape,LoF + Necessary,-30,0.47722743794210376,0.4615220439308414,0.49212110802230025,1643,1256
contact_landscape,LoF + Necessary,-29,0.4713751457424905,0.45595391378485506,0.48548093015304156,1643,1340
contact_landscape,LoF + Necessary,-28,0.4740906884272514,0.45880609030510483,0.48803699658103683,1643,1340
contact_landscape,LoF + Necessary,-27,0.47577860686789764,0.4605737211453547,0.48996037874144666,1643,1340
contact_landscape,LoF + Necessary,-26,0.47608227239097745,0.4606449020561681,0.49055409503903247,1643,1340
contact_landscape,LoF + Necessary,-25,0.47603579061923185,0.4610442059059936,0.49028594177300716,1643,1417
contact_landscape,LoF + Necessary,-24,0.47904378226612526,0.4646180116400077,0.49331139819122655,1643,1417
contact_landscape,LoF + Necessary,-23,0.48128890696535304,0.46661276693306447,0.49504759717055646,1643,1417
contact_landscape,LoF + Necessary,-22,0.48690234189913023,0.47225085111509146,0.5007970623825836,1643,1417
contact_landscape,LoF + Necessary,-21,0.49064836019416175,0.4761053594897035,0.5051491833557475,1643,1417
contact_landscape,LoF + Necessary,-20,0.4931563683366399,0.4788232065698813,0.507456747477628,1643,1417
contact_landscape,LoF + Necessary,-19,0.4918150311865845,0.47774777422767156,0.505940254562439,1643,1482
contact_landscape,LoF + Necessary,-18,0.49671984904492383,0.4826417894607428,0.5105358165721705,1643,1482
contact_landscape,LoF + Necessary,-17,0.5002545179873572,0.4858468421790822,0.5140186970516156,1643,1482
contact_landscape,LoF + Necessary,-16,0.5046199722263125,0.4904767733101185,0.518758681319595,1643,1482
contact_landscape,LoF + Necessary,-15,0.5049191062704398,0.4908612987629551,0.5190987899374799,1643,1548
contact_landscape,LoF + Necessary,-14,0.5131601997553753,0.49935656652406935,0.5275274861389577,1643,1548
contact_landscape,LoF + Necessary,-13,0.5213271254721886,0.5079687116445796,0.5360717781837625,1643,1548
contact_landscape,LoF + Necessary,-12,0.5275381810628615,0.5141208997872465,0.5418388408430236,1643,1548
contact_landscape,LoF + Necessary,-11,0.533867853405767,0.5204452402800697,0.548171898877394,1643,1548
contact_landscape,LoF + Necessary,-10,0.5415777192452239,0.5279405783316223,0.5552351148265467,1643,1548
contact_landscape,LoF + Necessary,-9,0.5480612743004256,0.5347157756253277,0.5613734270295936,1643,1600
contact_landscape,LoF + Necessary,-8,0.558099832444887,0.5444792576138846,0.5714066311975893,1643,1600
contact_landscape,LoF + Necessary,-7,0.5668560798479509,0.5530985404732847,0.580344607484142,1643,1600
contact_landscape,LoF + Necessary,-6,0.5740279219766052,0.5605319973817143,0.5872729532832508,1643,1600
contact_landscape,LoF + Necessary,-5,0.5820590060684387,0.569109213673534,0.5950005084136986,1643,1643
contact_landscape,LoF + Necessary,-4,0.590636641487626,0.5775300438268338,0.6034208255804285,1643,1643
contact_landscape,LoF + Necessary,-3,0.5975469243150217,0.5844542083999432,0.610147775256984,1643,1643
contact_landscape,LoF + Necessary,-2,0.6031050380998721,0.5902143315608693,0.616042447279007,1643,1643
contact_landscape,LoF + Necessary,-1,0.6050259292338563,0.5923175502673238,0.6181108044339959,1643,1643
contact_landscape,LoF + Necessary,0,0.6023638652679808,0.589857747573941,0.6153501714053867,1643,1643
contact_landscape,LoF + Necessary,1,0.5997132924102343,0.5868544705346557,0.6127766025994105,1643,1643
contact_landscape,LoF + Necessary,2,0.5972182437938347,0.5840444782134983,0.6103006555433029,1643,1643
contact_landscape,LoF + Necessary,3,0.5907736171749294,0.5778338943368309,0.6038854548717044,1643,1643
contact_landscape,LoF + Necessary,4,0.5813434746158173,0.5682978544557159,0.5943477249139684,1643,1643
contact_landscape,LoF + Necessary,5,0.5719516118232333,0.5582324779691554,0.5852588774593226,1643,1601
contact_landscape,LoF + Necessary,6,0.5649068832762633,0.5510264589921884,0.5783132920956053,1643,1600
contact_landscape,LoF + Necessary,7,0.5573364336398856,0.5433948970439028,0.5705115705742336,1643,1599
contact_landscape,LoF + Necessary,8,0.5480290436297418,0.5341775548471553,0.5616758352205966,1643,1599
contact_landscape,LoF + Necessary,9,0.5398666812986613,0.5258900524682626,0.5531091526760967,1643,1599
contact_landscape,LoF + Necessary,10,0.5332175935328803,0.5190245078548601,0.5465058829133366,1643,1598
contact_landscape,LoF + Necessary,11,0.5280793418554977,0.5136707955856331,0.5414032057915096,1643,1550
contact_landscape,LoF + Necessary,12,0.524652869527212,0.5100015028000668,0.5379663758569225,1643,1550
contact_landscape,LoF + Necessary,13,0.5200757921686495,0.505748294120673,0.5339582819659555,1643,1548
contact_landscape,LoF + Necessary,14,0.5144365568874879,0.5003363743128459,0.527955224634394,1643,1548
contact_landscape,LoF + Necessary,15,0.5075066007022323,0.4925439792654711,0.5207955993085966,1643,1489
contact_landscape,LoF + Necessary,16,0.5042712092502081,0.48964868275130613,0.5177072421361498,1643,1488
contact_landscape,LoF + Necessary,17,0.49983645470586474,0.4850857204149097,0.5139074507780311,1643,1487
contact_landscape,LoF + Necessary,18,0.49371519541863684,0.478858858980935,0.5080729317685502,1643,1487
contact_landscape,LoF + Necessary,19,0.49219965135951926,0.4779462655607166,0.5065352849201915,1643,1487
contact_landscape,LoF + Necessary,20,0.48935153954859234,0.4750099543191221,0.503578895472323,1643,1485
contact_landscape,LoF + Necessary,21,0.4862767307589029,0.47167028703375913,0.5007630255091013,1643,1415
contact_landscape,LoF + Necessary,22,0.48490336898822595,0.47065695101664323,0.49926644345883053,1643,1415
contact_landscape,LoF + Necessary,23,0.4839071074221809,0.4692702919078235,0.49877581436474483,1643,1415
contact_landscape,LoF + Necessary,24,0.4822800055975957,0.4677618774365466,0.49766186956542285,1643,1413
contact_landscape,LoF + Necessary,25,0.48143990589841007,0.46670120344954624,0.4968075496454863,1643,1339
contact_landscape,LoF + Necessary,26,0.4794163758078897,0.4647931938147029,0.4946395413644094,1643,1338
contact_landscape,LoF + Necessary,27,0.47977833654184276,0.4651801086733903,0.4958195405816475,1643,1338
contact_landscape,LoF + Necessary,28,0.4788176412174277,0.46382056677024486,0.49559899072917807,1643,1338
contact_landscape,LoF + Necessary,29,0.4774166811064244,0.4616886430342081,0.4942802431045973,1643,1338
contact_landscape,LoF + Necessary,30,0.47654190074338815,0.4608040294070142,0.49340716822382763,1643,1335
