fold_dir,model_id,ranking_score,paired_CA_atoms,global_Kabsch_RMSD_A
fold_100_gcm1_fulltail,0,0.84,3328,1.8759531329278778
fold_101_gmeb2_fulltail,0,0.83,3328,1.721990408389477
fold_102_grhl1_fulltail,0,0.83,3328,1.8997597811926945
fold_103_grhl2_fulltail,0,0.82,3328,2.01646323051127
fold_104_grhl3_fulltail,0,0.83,3328,1.934450841885269
fold_105_hbp1_fulltail,0,0.83,3328,1.8352183470128434
fold_106_hdac1_fulltail,0,0.8,3328,1.7336154371338588
fold_107_hlcs_fulltail,0,0.83,3328,1.8075096092819198
fold_108_hlf_fulltail,0,0.84,3328,1.9389968083667941
fold_109_hoxa13_fulltail,0,0.84,3328,1.957006371892844
fold_10_arntl_fulltail,0,0.84,3328,1.7924944903479407
fold_110_hoxa2_fulltail,0,0.83,3328,1.7158186372953856
fold_111_hoxa6_fulltail,0,0.84,3328,1.7665678216139524
fold_112_hoxb13_fulltail,0,0.84,3328,2.092744432921265
fold_113_hoxb2_fulltail,0,0.84,3328,1.8848583262878844
fold_114_hoxb6_fulltail,0,0.84,3328,1.9415307159763868
fold_115_hoxd13_fulltail,0,0.83,3328,1.8992194537181726
fold_116_hsf1_fulltail,0,0.84,3328,1.8680355673250366
fold_117_hsf5_fulltail,0,0.84,3328,1.8836366557751423
fold_118_huwe1_fulltail,0,0.84,3328,1.9912728295888324
fold_119_ino80d_fulltail,0,0.83,3328,1.8659720352052085
fold_11_arntl2_fulltail,0,0.84,3328,2.132938894984289
fold_120_irf1_fulltail,0,0.83,3328,1.9670571889129818
fold_121_irf2_fulltail,0,0.83,3328,2.0640044740411887
fold_122_irx4_fulltail,0,0.84,3328,1.872675697606587
fold_123_jade1_fulltail,0,0.82,3328,1.6506148472217774
fold_124_jade2_fulltail,0,0.82,3328,1.8183538571095623
fold_125_jak2_fulltail,0,0.83,3328,1.9686789648466572
fold_126_jazf1_fulltail,0,0.83,3328,1.7349484438081482
fold_127_jmjd4_fulltail,0,0.82,3328,1.6613459199476222
fold_128_jrkl_fulltail,0,0.83,3328,1.714934343208534
fold_129_kat14_fulltail,0,0.84,3328,1.8724377389746276
fold_12_asxl2_fulltail,0,0.84,3328,1.8584944725360744
fold_130_kat6b_fulltail,0,0.84,3328,1.9187284402444953
fold_131_kdm3b_fulltail,0,0.84,3328,1.8925497364042076
fold_132_kdm5b_fulltail,0,0.83,3328,2.1261925764716993
fold_133_kdm8_fulltail,0,0.81,3328,1.9648223066751782
fold_134_klf15_fulltail,0,0.84,3328,1.8937027771916772
fold_135_klf4_fulltail,0,0.83,3328,1.866312459273939
fold_136_klf5_fulltail,0,0.84,3328,2.118906038048151
fold_137_klf7_fulltail,0,0.83,3328,1.9826866381941646
fold_138_kmt2a_fulltail,0,0.83,3328,2.0094076905066007
fold_139_kmt2c_fulltail,0,0.83,3328,1.9796740446965306
fold_13_asxl3_fulltail,0,0.83,3328,1.9601053984678742
fold_140_kmt2d_fulltail,0,0.83,3328,1.8917148944991422
fold_141_l3mbtl4_fulltail,0,0.84,3328,1.7108622179746351
fold_142_las1l_fulltail,0,0.84,3328,2.184624533898236
fold_143_leutx_fulltail,0,0.84,3328,1.936188501974637
fold_144_lhx1_fulltail,0,0.84,3328,1.8277341664946356
fold_145_lmx1a_fulltail,0,0.83,3328,1.878039137458723
fold_146_mast2_fulltail,0,0.81,3328,1.6849331351785026
fold_147_men1_fulltail,0,0.83,3328,1.7714584314351716
fold_148_mga_fulltail,0,0.83,3328,1.7845307596602664
fold_149_mitf_fulltail,0,0.83,3328,1.7246435314906514
fold_14_atad5_fulltail,0,0.82,3328,1.7752964636351418
fold_150_mlxip_fulltail,0,0.83,3328,1.7724225795184296
fold_151_mlxipl_fulltail,0,0.83,3328,2.0262040770378187
fold_152_msh2_fulltail,0,0.78,3328,1.9528313428305095
fold_153_msl2_fulltail,0,0.83,3328,1.765649935395198
fold_154_mstn_fulltail,0,0.83,3328,2.0329187812913756
fold_155_mterf3_fulltail,0,0.83,3328,1.718660549595633
fold_156_myb_fulltail,0,0.83,3328,1.694452465000226
fold_157_mybl1_fulltail,0,0.83,3328,1.8467198329372643
fold_158_mybl2_fulltail,0,0.83,3328,1.960889300066219
fold_159_myc_fulltail,0,0.83,3328,1.924836626721227
fold_15_atf4_fulltail,0,0.83,3328,2.1713157008300406
fold_160_mycl_fulltail,0,0.84,3328,1.8384899990435941
fold_161_mycn_fulltail,0,0.84,3328,1.704288378494537
fold_162_myod1_fulltail,0,0.83,3328,1.9218956332432042
fold_163_myrfl_fulltail,0,0.83,3328,1.8927094729551357
fold_164_myt1l_fulltail,0,0.84,3328,1.781436188608558
fold_165_nanog_fulltail,0,0.83,3328,1.7551167378669854
fold_166_nanogp8_fulltail,0,0.83,3328,1.9401556120322565
fold_167_nasp_fulltail,0,0.79,3328,1.9101269331062014
fold_168_ncoa1_fulltail,0,0.83,3328,2.051769308425891
fold_169_ncoa2_fulltail,0,0.83,3328,1.9092189045240766
fold_16_atf5_fulltail,0,0.83,3328,1.9976999320896778
fold_170_ncoa3_fulltail,0,0.83,3328,2.098311818962847
fold_171_nek9_fulltail,0,0.8,3328,1.715066080230546
fold_172_neurog3_fulltail,0,0.84,3328,2.001781802646915
fold_173_nfat5_fulltail,0,0.84,3328,2.08106093360091
fold_174_nfatc2_fulltail,0,0.84,3328,1.8169137672234155
fold_175_nfe2_fulltail,0,0.83,3328,1.9606082280637538
fold_176_nfe2l1_fulltail,0,0.82,3328,1.9627380511044856
fold_177_nfe2l2_fulltail,0,0.83,3328,2.0310298218641765
fold_178_nfe2l3_fulltail,0,0.83,3328,1.7975991111223275
fold_179_nfkb1_fulltail,0,0.8,3328,1.8236791064141356
fold_17_atf6_fulltail,0,0.83,3328,1.9340818906460309
fold_180_nfrkb_fulltail,0,0.83,3328,1.6958860677494785
fold_181_nipbl_fulltail,0,0.82,3328,1.7537455148692553
fold_182_nobox_fulltail,0,0.83,3328,1.871591990012606
fold_183_npas4_fulltail,0,0.83,3328,1.6645887021833736
fold_184_nr1h4_fulltail,0,0.83,3328,1.981704949912761
fold_185_nr3c1_fulltail,0,0.84,3328,1.93051720302389
fold_186_nr4a1_fulltail,0,0.83,3328,1.9010787830806197
fold_187_nr4a2_fulltail,0,0.84,3328,2.1154407122716465
fold_188_nr4a3_fulltail,0,0.81,3328,1.6264508516111695
fold_189_oga_fulltail,0,0.83,3328,2.103099772178729
fold_18_atf6b_fulltail,0,0.84,3328,1.895179608170437
fold_190_padi2_fulltail,0,0.82,3328,1.9173071336677021
fold_191_pagr1_fulltail,0,0.83,3328,2.224494189606716
fold_192_parp3_fulltail,0,0.82,3328,1.8283109721406972
fold_193_pax8_fulltail,0,0.84,3328,2.0880705628341576
fold_194_phf1_fulltail,0,0.82,3328,1.826908569522925
fold_195_phf19_fulltail,0,0.84,3328,1.7494877998489604
fold_196_phf20l1_fulltail,0,0.83,3328,1.7386906713488586
fold_197_phip_fulltail,0,0.82,3328,1.8195836621830437
fold_198_phox2a_fulltail,0,0.84,3328,1.8571043349145535
fold_199_plag1_fulltail,0,0.83,3328,1.9107954655749675
fold_19_atmin_fulltail,0,0.83,3328,2.051015061563195
fold_200_plagl1_fulltail,0,0.84,3328,1.9716503136231984
fold_201_plagl2_fulltail,0,0.83,3328,1.8676681244557714
fold_202_plscr1_fulltail,0,0.84,3328,1.8164527902068672
fold_203_pou2af1_fulltail,0,0.84,3328,2.022374948176693
fold_204_pou5f1_fulltail,0,0.84,3328,1.830150291839748
fold_205_pou5f1b_fulltail,0,0.84,3328,1.8105448996659608
fold_206_pparg_fulltail,0,0.84,3328,1.7365718352258985
fold_207_ppargc1a_fulltail,0,0.82,3328,1.962912213317005
fold_208_ppargc1b_fulltail,0,0.83,3328,1.7883827446131042
fold_209_ppm1f_fulltail,0,0.83,3328,2.0274965260150366
fold_20_bhlhe23_fulltail,0,0.83,3328,1.9011480401647112
fold_210_ppp2ca_fulltail,0,0.79,3328,1.9433836177709842
fold_211_ppp4c_fulltail,0,0.79,3328,1.7718243246110792
fold_212_prkci_fulltail,0,0.82,3328,1.670910374661239
fold_213_prkcz_fulltail,0,0.82,3328,1.8652864213358558
fold_214_prkdc_fulltail,0,0.81,3328,1.7429322961874776
fold_215_prmt2_fulltail,0,0.82,3328,1.9549772629982258
fold_216_prmt3_fulltail,0,0.82,3328,1.7799168482117016
fold_217_prmt5_fulltail,0,0.82,3328,1.9017784691036947
fold_218_prop1_fulltail,0,0.84,3328,1.9080711335624883
fold_219_prpf39_fulltail,0,0.81,3328,1.7063804392460526
fold_21_brd2_fulltail,0,0.84,3328,1.8505138868029938
fold_220_rad54l2_fulltail,0,0.83,3328,1.9919872698072663
fold_221_rbsn_fulltail,0,0.83,3328,1.8150757841998872
fold_222_rela_fulltail,0,0.83,3328,1.7904140201737886
fold_223_relb_fulltail,0,0.82,3328,1.8009412043327717
fold_224_rfx7_fulltail,0,0.82,3328,1.7075584813060776
fold_225_senp3_fulltail,0,0.83,3328,1.9333655890078085
fold_226_setd1a_fulltail,0,0.83,3328,1.8945175054332455
fold_227_setd1b_fulltail,0,0.83,3328,1.9579432372359065
fold_228_setd2_fulltail,0,0.84,3328,1.9831141109441395
fold_229_smad5_fulltail,0,0.81,3328,1.767517710087294
fold_22_brd3_fulltail,0,0.84,3328,2.0907509700702573
fold_230_smarca2_fulltail,0,0.83,3328,1.7232843462644092
fold_231_smarca4_fulltail,0,0.83,3328,2.038562357793428
fold_232_smarcc1_fulltail,0,0.83,3328,1.7158493005641993
fold_233_smarcc2_fulltail,0,0.82,3328,1.6551034222140708
fold_234_sox11_fulltail,0,0.84,3328,1.7727346273641629
fold_235_sox12_fulltail,0,0.84,3328,1.9202280713796487
fold_236_sox18_fulltail,0,0.84,3328,1.9241649249145467
fold_237_sox2_fulltail,0,0.83,3328,1.7241889358398568
fold_238_sox4_fulltail,0,0.84,3328,1.9392932089042971
fold_239_sox7_fulltail,0,0.84,3328,1.8973777504625398
fold_23_brd4_fulltail,0,0.84,3328,1.9406272205219397
fold_240_sox8_fulltail,0,0.84,3328,1.864648195647667
fold_241_sox9_fulltail,0,0.84,3328,1.8666377300088859
fold_242_sp6_fulltail,0,0.83,3328,1.8609787487499891
fold_243_sp9_fulltail,0,0.84,3328,1.7732990827336492
fold_244_spi1_fulltail,0,0.83,3328,1.9505377691591947
fold_245_spic_fulltail,0,0.83,3328,1.9851140968890497
fold_246_spocd1_fulltail,0,0.84,3328,1.879576869753516
fold_247_spon2_fulltail,0,0.81,3328,1.665089484182263
fold_248_srebf1_fulltail,0,0.84,3328,2.080701039595283
fold_249_srebf2_fulltail,0,0.84,3328,1.8019720184187538
fold_24_brd7_fulltail,0,0.83,3328,1.872370881221395
fold_250_stat5a_fulltail,0,0.83,3328,1.9197308586385613
fold_251_stat5b_fulltail,0,0.82,3328,1.7335293907839524
fold_252_stat6_fulltail,0,0.84,3328,1.72042999284725
fold_253_tada2a_fulltail,0,0.83,3328,1.9016327721421404
fold_254_taf1l_fulltail,0,0.82,3328,1.7889792844296353
fold_255_taf6l_fulltail,0,0.83,3328,1.855516172316484
fold_256_tbpl2_fulltail,0,0.83,3328,1.953427495704666
fold_257_tbx22_fulltail,0,0.84,3328,1.8599575393956547
fold_258_tbx4_fulltail,0,0.84,3328,2.1243284835154617
fold_259_tdrd5_fulltail,0,0.83,3328,2.1110411682190615
fold_25_brd8_fulltail,0,0.83,3328,1.7353102957083886
fold_260_tef_fulltail,0,0.83,3328,1.947596495007262
fold_261_tet2_fulltail,0,0.84,3328,1.929018301434501
fold_262_tfap2d_fulltail,0,0.83,3328,1.9854590231295604
fold_263_tfdp1_fulltail,0,0.83,3328,1.8807043405637796
fold_264_tfe3_fulltail,0,0.83,3328,1.8858751994094232
fold_265_tfec_fulltail,0,0.83,3328,1.8503689391719762
fold_266_thrb_fulltail,0,0.84,3328,1.8191122392643486
fold_267_tigd1_fulltail,0,0.82,3328,1.915448673287616
fold_268_tle1_fulltail,0,0.79,3328,1.9504922103810025
fold_269_tle3_fulltail,0,0.79,3328,1.786794051411293
fold_26_brwd3_fulltail,0,0.82,3328,1.707369334344912
fold_270_tp53_fulltail,0,0.84,3328,1.9581092184453268
fold_271_tp63_fulltail,0,0.83,3328,1.9760144777916517
fold_272_tp73_fulltail,0,0.84,3328,1.6848303457590161
fold_273_tprx1_fulltail,0,0.83,3328,1.708650224687094
fold_274_trafd1_fulltail,0,0.83,3328,2.007287671290467
fold_275_trerf1_fulltail,0,0.84,3328,1.7885867875348758
fold_276_trrap_fulltail,0,0.81,3328,1.8445566430469826
fold_277_ubn1_fulltail,0,0.83,3328,1.7214541362781228
fold_278_usp11_fulltail,0,0.8,3328,1.693745386555857
fold_279_usp22_fulltail,0,0.83,3328,1.8195142087046339
fold_27_camta1_fulltail,0,0.83,3328,1.9253284387795087
fold_280_wdr77_fulltail,0,0.81,3328,1.934080940785158
fold_281_xbp1_fulltail,0,0.84,3328,1.7735527752313527
fold_282_yy2_fulltail,0,0.83,3328,1.9906787699137187
fold_283_zbed6_fulltail,0,0.84,3328,1.7811240213713957
fold_284_zbtb44_fulltail,0,0.84,3328,1.9452289897464472
fold_285_zfhx4_fulltail,0,0.82,3328,1.8988990056060777
fold_286_zmym3_fulltail,0,0.83,3328,1.76525731728109
fold_287_znf200_fulltail,0,0.83,3328,2.1754651285198494
fold_288_znf280d_fulltail,0,0.84,3328,2.037092810778609
fold_289_znf469_fulltail,0,0.83,3328,1.9209107142632702
fold_28_camta2_fulltail,0,0.83,3328,1.7832150691741597
fold_290_znf532_fulltail,0,0.84,3328,2.203152320351594
fold_291_znf592_fulltail,0,0.84,3328,1.839414543462583
fold_292_znf644_fulltail,0,0.83,3328,1.9770573485676177
fold_293_znf687_fulltail,0,0.84,3328,1.9067710796552597
fold_294_zscan20_fulltail,0,0.83,3328,1.980691581517564
fold_29_cdc6_fulltail,0,0.81,3328,1.749833404555392
fold_2_abraxas1_fulltail,0,0.82,3328,1.7481087649218279
fold_30_cdca4_fulltail,0,0.83,3328,1.8202169901607184
fold_31_cdk3_fulltail,0,0.78,3328,1.7503651190335114
fold_32_cdx2_fulltail,0,0.84,3328,1.9008650590706249
fold_33_cdx4_fulltail,0,0.84,3328,1.9322438526662025
fold_34_cebpa_fulltail,0,0.84,3328,1.9076770498390472
fold_35_cebpd_fulltail,0,0.83,3328,2.0422704987799802
fold_36_chd1l_fulltail,0,0.83,3328,1.8504032455400083
fold_37_chd2_fulltail,0,0.83,3328,1.970915711010808
fold_38_chd6_fulltail,0,0.82,3328,2.0456402143724857
fold_39_chd9_fulltail,0,0.83,3328,1.601473807072404
fold_3_ahr_fulltail,0,0.83,3328,1.9166220035783976
fold_40_chek2_fulltail,0,0.83,3328,2.082830430144852
fold_41_creb3_fulltail,0,0.82,3328,1.8666909462050942
fold_42_creb3l1_fulltail,0,0.83,3328,1.7308529845692715
fold_43_creb3l2_fulltail,0,0.83,3328,1.8794603630368696
fold_44_creb3l3_fulltail,0,0.84,3328,1.9253289747641837
fold_45_creb3l4_fulltail,0,0.83,3328,1.8592213873386418
fold_46_crebbp_fulltail,0,0.84,3328,1.86255115286472
fold_47_crebzf_fulltail,0,0.84,3328,1.9791564514530222
fold_48_crx_fulltail,0,0.83,3328,2.0946659343892833
fold_49_csrnp1_fulltail,0,0.83,3328,1.8165624154319848
fold_4_akap8_fulltail,0,0.84,3328,1.958771530431787
fold_50_ctc1_fulltail,0,0.83,3328,1.7344428224597572
fold_51_cxxc1_fulltail,0,0.84,3328,2.0467254154016628
fold_52_ddit3_fulltail,0,0.84,3328,2.0718328555704923
fold_53_dlx3_fulltail,0,0.83,3328,1.7282131296373
fold_54_dmrt1_fulltail,0,0.84,3328,2.081813126711916
fold_55_dux4_fulltail,0,0.83,3328,1.7437558218473022
fold_56_e2f1_fulltail,0,0.84,3328,1.7305835834635328
fold_57_e2f2_fulltail,0,0.83,3328,1.8848584633691716
fold_58_e2f3_fulltail,0,0.84,3328,1.9930510465279863
fold_59_e2f4_fulltail,0,0.84,3328,2.006292785666848
fold_5_akap8l_fulltail,0,0.84,3328,1.8169504780591346
fold_60_e2f5_fulltail,0,0.84,3328,2.0146542426954412
fold_61_ebf3_fulltail,0,0.82,3328,1.8341169343616264
fold_62_egr3_fulltail,0,0.83,3328,2.0452945845448176
fold_63_egr4_fulltail,0,0.83,3328,1.8344764110371703
fold_64_elf3_fulltail,0,0.82,3328,1.8923320125933423
fold_65_elk1_fulltail,0,0.83,3328,1.877749945356876
fold_66_elp1_fulltail,0,0.81,3328,1.9654244897392716
fold_67_ep300_fulltail,0,0.84,3328,1.7466434212259925
fold_68_ep400_fulltail,0,0.83,3328,1.9405311896540376
fold_69_erbb2_fulltail,0,0.84,3328,1.7597647475108629
fold_6_apbb1_fulltail,0,0.83,3328,1.9506748153582854
fold_70_ercc5_fulltail,0,0.82,3328,1.8409255110287266
fold_71_erg_fulltail,0,0.82,3328,1.9185545874221281
fold_72_esr1_fulltail,0,0.83,3328,2.126239355362038
fold_73_ets1_fulltail,0,0.84,3328,1.91770658383563
fold_74_ets2_fulltail,0,0.82,3328,2.045096371966094
fold_75_etv1_fulltail,0,0.83,3328,1.7859432352225932
fold_76_etv2_fulltail,0,0.84,3328,2.2164315476884164
fold_77_etv3_fulltail,0,0.84,3328,1.9587846625722822
fold_78_etv4_fulltail,0,0.83,3328,1.7526717256925455
fold_79_etv5_fulltail,0,0.84,3328,1.7864482211191637
fold_7_apbb3_fulltail,0,0.82,3328,2.0012565240121436
fold_80_exosc10_fulltail,0,0.82,3328,1.71530749680745
fold_81_eya1_fulltail,0,0.84,3328,2.144824724533055
fold_82_eya2_fulltail,0,0.83,3328,2.163720527899659
fold_83_eya3_fulltail,0,0.83,3328,1.9433911056476916
fold_84_eya4_fulltail,0,0.83,3328,1.8102398275766962
fold_85_fos_fulltail,0,0.84,3328,1.9042725757140615
fold_86_foxi1_fulltail,0,0.83,3328,1.82668478222038
fold_87_foxj1_fulltail,0,0.83,3328,2.0622845016009883
fold_88_foxj3_fulltail,0,0.83,3328,1.860973001028039
fold_89_foxm1_fulltail,0,0.83,3328,1.9094604676535982
fold_8_apobec4_fulltail,0,0.81,3328,1.963537483760493
fold_90_foxn1_fulltail,0,0.83,3328,1.8119945521809833
fold_91_foxn2_fulltail,0,0.84,3328,1.6920196036136765
fold_92_foxn4_fulltail,0,0.83,3328,1.9568572699938132
fold_93_foxo1_fulltail,0,0.84,3328,1.702340975037566
fold_94_foxo3_fulltail,0,0.84,3328,1.9269120248094644
fold_95_foxo4_fulltail,0,0.84,3328,2.1620143462438737
fold_96_foxo6_fulltail,0,0.83,3328,1.908488320351095
fold_97_foxr1_fulltail,0,0.83,3328,1.6857909759548209
fold_98_foxr2_fulltail,0,0.83,3328,1.9341036146097936
fold_99_gata6_fulltail,0,0.84,3328,1.8447703400665125
fold_9_argfx_fulltail,0,0.83,3328,1.6296307094677147
