series,interval_id,gene,construct_start,construct_end,interpeak_interval_length
All interpeak,CDX2_INTERPEAK_VALLEY_01,CDX2,6,24,19.0
All interpeak,MLXIP_INTERPEAK_VALLEY_01,MLXIP,13,28,16.0
All interpeak,MLXIP_INTERPEAK_VALLEY_02,MLXIP,41,85,45.0
All interpeak,TFEC_INTERPEAK_VALLEY_01,TFEC,47,75,29.0
All interpeak,NR3C1_INTERPEAK_VALLEY_01,NR3C1,33,83,51.0
All interpeak,NFE2L3_INTERPEAK_VALLEY_01,NFE2L3,18,53,36.0
All interpeak,NFE2L3_INTERPEAK_VALLEY_02,NFE2L3,69,166,98.0
All interpeak,NFE2L3_INTERPEAK_VALLEY_03,NFE2L3,174,196,23.0
All interpeak,CEBPD_INTERPEAK_VALLEY_01,CEBPD,52,62,11.0
All interpeak,CREB3L2_INTERPEAK_VALLEY_01,CREB3L2,15,72,58.0
All interpeak,NPAS4_INTERPEAK_VALLEY_01,NPAS4,3,48,46.0
All interpeak,NPAS4_INTERPEAK_VALLEY_02,NPAS4,55,110,56.0
All interpeak,NPAS4_INTERPEAK_VALLEY_03,NPAS4,120,135,16.0
All interpeak,ERG_INTERPEAK_VALLEY_01,ERG,66,80,15.0
All interpeak,MYB_INTERPEAK_VALLEY_01,MYB,18,43,26.0
All interpeak,MYB_INTERPEAK_VALLEY_02,MYB,54,63,10.0
All interpeak,TP73_INTERPEAK_VALLEY_01,TP73,44,52,9.0
All interpeak,ELF3_INTERPEAK_VALLEY_01,ELF3,17,60,44.0
All interpeak,ELF3_INTERPEAK_VALLEY_02,ELF3,65,89,25.0
All interpeak,KMT2A_INTERPEAK_VALLEY_01,KMT2A,66,72,7.0
All interpeak,KMT2A_INTERPEAK_VALLEY_02,KMT2A,81,112,32.0
All interpeak,E2F2_INTERPEAK_VALLEY_01,E2F2,46,82,37.0
All interpeak,FOXO6_INTERPEAK_VALLEY_01,FOXO6,5,62,58.0
All interpeak,FOXO6_INTERPEAK_VALLEY_02,FOXO6,71,84,14.0
All interpeak,SOX11_INTERPEAK_VALLEY_01,SOX11,68,82,15.0
All interpeak,E2F1_INTERPEAK_VALLEY_01,E2F1,21,31,11.0
All interpeak,E2F1_INTERPEAK_VALLEY_02,E2F1,39,58,20.0
All interpeak,ETV1_INTERPEAK_VALLEY_01,ETV1,49,67,19.0
All interpeak,TAF6L_INTERPEAK_VALLEY_01,TAF6L,36,76,41.0
All interpeak,NR4A2_INTERPEAK_VALLEY_01,NR4A2,8,53,46.0
All interpeak,SOX2_INTERPEAK_VALLEY_01,SOX2,30,49,20.0
All interpeak,SOX2_INTERPEAK_VALLEY_02,SOX2,55,63,9.0
All interpeak,ETV2_INTERPEAK_VALLEY_01,ETV2,18,25,8.0
All interpeak,BRD3_INTERPEAK_VALLEY_01,BRD3,6,56,51.0
All interpeak,NANOG_INTERPEAK_VALLEY_01,NANOG,70,127,58.0
All interpeak,DDIT3_INTERPEAK_VALLEY_01,DDIT3,11,24,14.0
All interpeak,DDIT3_INTERPEAK_VALLEY_02,DDIT3,28,50,23.0
All interpeak,TFAP2D_INTERPEAK_VALLEY_01,TFAP2D,8,36,29.0
All interpeak,CHD1L_INTERPEAK_VALLEY_01,CHD1L,36,79,44.0
All interpeak,TBX22_INTERPEAK_VALLEY_01,TBX22,51,69,19.0
All interpeak,INO80D_INTERPEAK_VALLEY_01,INO80D,12,24,13.0
All interpeak,INO80D_INTERPEAK_VALLEY_02,INO80D,30,60,31.0
All interpeak,INO80D_INTERPEAK_VALLEY_03,INO80D,66,77,12.0
All interpeak,TPRX1_INTERPEAK_VALLEY_01,TPRX1,59,65,7.0
All interpeak,TPRX1_INTERPEAK_VALLEY_02,TPRX1,74,125,52.0
All interpeak,MSL2_INTERPEAK_VALLEY_01,MSL2,10,25,16.0
All interpeak,PLAG1_INTERPEAK_VALLEY_01,PLAG1,77,138,62.0
All interpeak,DMRT1_INTERPEAK_VALLEY_01,DMRT1,57,77,21.0
All interpeak,NCOA2_INTERPEAK_VALLEY_01,NCOA2,33,68,36.0
All interpeak,MYC_INTERPEAK_VALLEY_01,MYC,8,75,68.0
All interpeak,IRX4_INTERPEAK_VALLEY_01,IRX4,12,62,51.0
All interpeak,IRX4_INTERPEAK_VALLEY_02,IRX4,65,72,8.0
All interpeak,RAD54L2_INTERPEAK_VALLEY_01,RAD54L2,75,90,16.0
All interpeak,RAD54L2_INTERPEAK_VALLEY_02,RAD54L2,94,106,13.0
All interpeak,SENP3_INTERPEAK_VALLEY_01,SENP3,8,57,50.0
All interpeak,YY2_INTERPEAK_VALLEY_01,YY2,23,57,35.0
All interpeak,YY2_INTERPEAK_VALLEY_02,YY2,64,82,19.0
All interpeak,BRD8_INTERPEAK_VALLEY_01,BRD8,37,48,12.0
All interpeak,BRD8_INTERPEAK_VALLEY_02,BRD8,52,63,12.0
All interpeak,BRD8_INTERPEAK_VALLEY_03,BRD8,68,84,17.0
All interpeak,CEBPA_INTERPEAK_VALLEY_01,CEBPA,38,75,38.0
All interpeak,MYCN_INTERPEAK_VALLEY_01,MYCN,47,56,10.0
All interpeak,MYCN_INTERPEAK_VALLEY_02,MYCN,66,102,37.0
All interpeak,POU2AF1_INTERPEAK_VALLEY_01,POU2AF1,18,74,57.0
All interpeak,HSF5_INTERPEAK_VALLEY_01,HSF5,22,46,25.0
All interpeak,HOXA13_INTERPEAK_VALLEY_01,HOXA13,43,76,34.0
All interpeak,HOXA13_INTERPEAK_VALLEY_02,HOXA13,79,86,8.0
All interpeak,PPARGC1A_INTERPEAK_VALLEY_01,PPARGC1A,144,164,21.0
All interpeak,PPARGC1A_INTERPEAK_VALLEY_02,PPARGC1A,178,213,36.0
All interpeak,KAT14_INTERPEAK_VALLEY_01,KAT14,23,42,20.0
All interpeak,KAT14_INTERPEAK_VALLEY_02,KAT14,45,54,10.0
All interpeak,BRWD3_INTERPEAK_VALLEY_01,BRWD3,43,87,45.0
All interpeak,LAS1L_INTERPEAK_VALLEY_01,LAS1L,17,33,17.0
All interpeak,CDCA4_INTERPEAK_VALLEY_01,CDCA4,70,104,35.0
All interpeak,ATF4_INTERPEAK_VALLEY_01,ATF4,34,75,42.0
All interpeak,ATF4_INTERPEAK_VALLEY_02,ATF4,88,112,25.0
All interpeak,ATF4_INTERPEAK_VALLEY_03,ATF4,118,176,59.0
All interpeak,XBP1_INTERPEAK_VALLEY_01,XBP1,20,40,21.0
All interpeak,XBP1_INTERPEAK_VALLEY_02,XBP1,49,94,46.0
All interpeak,HLF_INTERPEAK_VALLEY_01,HLF,14,50,37.0
All interpeak,HLF_INTERPEAK_VALLEY_02,HLF,54,73,20.0
All interpeak,HLF_INTERPEAK_VALLEY_03,HLF,78,109,32.0
All interpeak,KMT2D_INTERPEAK_VALLEY_01,KMT2D,57,63,7.0
All interpeak,CREBZF_INTERPEAK_VALLEY_01,CREBZF,61,90,30.0
All interpeak,MLXIPL_INTERPEAK_VALLEY_01,MLXIPL,24,48,25.0
All interpeak,MLXIPL_INTERPEAK_VALLEY_02,MLXIPL,58,74,17.0
All interpeak,NCOA1_INTERPEAK_VALLEY_01,NCOA1,7,26,20.0
All interpeak,FOXN2_INTERPEAK_VALLEY_01,FOXN2,51,62,12.0
All interpeak,TADA2A_INTERPEAK_VALLEY_01,TADA2A,38,54,17.0
All interpeak,PAX8_INTERPEAK_VALLEY_01,PAX8,26,76,51.0
All interpeak,IRF1_INTERPEAK_VALLEY_01,IRF1,31,70,40.0
All interpeak,CAMTA2_INTERPEAK_VALLEY_01,CAMTA2,23,118,96.0
All interpeak,APBB3_INTERPEAK_VALLEY_01,APBB3,3,41,39.0
All interpeak,APBB3_INTERPEAK_VALLEY_02,APBB3,44,76,33.0
All interpeak,APBB3_INTERPEAK_VALLEY_03,APBB3,84,96,13.0
All interpeak,EYA1_INTERPEAK_VALLEY_01,EYA1,18,41,24.0
All interpeak,NFE2_INTERPEAK_VALLEY_01,NFE2,4,23,20.0
All interpeak,NFE2_INTERPEAK_VALLEY_02,NFE2,31,76,46.0
All interpeak,FOXN1_INTERPEAK_VALLEY_01,FOXN1,97,134,38.0
All interpeak,MYCL_INTERPEAK_VALLEY_01,MYCL,10,33,24.0
All interpeak,ELK1_INTERPEAK_VALLEY_01,ELK1,61,66,6.0
All interpeak,TFE3_INTERPEAK_VALLEY_01,TFE3,56,63,8.0
All interpeak,ZNF532_INTERPEAK_VALLEY_01,ZNF532,9,14,6.0
All interpeak,MYBL2_INTERPEAK_VALLEY_01,MYBL2,4,137,134.0
All interpeak,MYBL2_INTERPEAK_VALLEY_02,MYBL2,149,158,10.0
All interpeak,MGA_INTERPEAK_VALLEY_01,MGA,19,46,28.0
All interpeak,MGA_INTERPEAK_VALLEY_02,MGA,53,113,61.0
All interpeak,TRERF1_INTERPEAK_VALLEY_01,TRERF1,20,75,56.0
All interpeak,NOBOX_INTERPEAK_VALLEY_01,NOBOX,10,20,11.0
All interpeak,NOBOX_INTERPEAK_VALLEY_02,NOBOX,39,129,91.0
All interpeak,ETV5_INTERPEAK_VALLEY_01,ETV5,13,41,29.0
All interpeak,FOXM1_INTERPEAK_VALLEY_01,FOXM1,42,48,7.0
All interpeak,ETS2_INTERPEAK_VALLEY_01,ETS2,13,51,39.0
All interpeak,ETS2_INTERPEAK_VALLEY_02,ETS2,59,75,17.0
All interpeak,GRHL2_INTERPEAK_VALLEY_01,GRHL2,51,55,5.0
All interpeak,KDM3B_INTERPEAK_VALLEY_01,KDM3B,5,37,33.0
All interpeak,MYOD1_INTERPEAK_VALLEY_01,MYOD1,8,49,42.0
All interpeak,APOBEC4_INTERPEAK_VALLEY_01,APOBEC4,54,74,21.0
All interpeak,EYA2_INTERPEAK_VALLEY_01,EYA2,36,89,54.0
All interpeak,ZSCAN20_INTERPEAK_VALLEY_01,ZSCAN20,68,75,8.0
All interpeak,TET2_INTERPEAK_VALLEY_01,TET2,57,61,5.0
All interpeak,TET2_INTERPEAK_VALLEY_02,TET2,69,87,19.0
All interpeak,EGR4_INTERPEAK_VALLEY_01,EGR4,25,54,30.0
All interpeak,SPI1_INTERPEAK_VALLEY_01,SPI1,38,69,32.0
All interpeak,SPI1_INTERPEAK_VALLEY_02,SPI1,78,113,36.0
All interpeak,SOX12_INTERPEAK_VALLEY_01,SOX12,24,51,28.0
All interpeak,CHEK2_INTERPEAK_VALLEY_01,CHEK2,22,44,23.0
All interpeak,ZNF200_INTERPEAK_VALLEY_01,ZNF200,25,63,39.0
All interpeak,ZNF200_INTERPEAK_VALLEY_02,ZNF200,69,78,10.0
All interpeak,SMARCA4_INTERPEAK_VALLEY_01,SMARCA4,13,65,53.0
All interpeak,FOXO1_INTERPEAK_VALLEY_01,FOXO1,65,77,13.0
All interpeak,HOXB6_INTERPEAK_VALLEY_01,HOXB6,6,27,22.0
All interpeak,HOXB6_INTERPEAK_VALLEY_02,HOXB6,35,58,24.0
All interpeak,FOXI1_INTERPEAK_VALLEY_01,FOXI1,66,84,19.0
All interpeak,FOXI1_INTERPEAK_VALLEY_02,FOXI1,91,104,14.0
All interpeak,SMARCA2_INTERPEAK_VALLEY_01,SMARCA2,12,69,58.0
All interpeak,TDRD5_INTERPEAK_VALLEY_01,TDRD5,10,58,49.0
All interpeak,GRHL1_INTERPEAK_VALLEY_01,GRHL1,19,38,20.0
All interpeak,NFAT5_INTERPEAK_VALLEY_01,NFAT5,7,47,41.0
All interpeak,NFE2L2_INTERPEAK_VALLEY_01,NFE2L2,8,34,27.0
All interpeak,NFE2L2_INTERPEAK_VALLEY_02,NFE2L2,37,107,71.0
All interpeak,NFE2L2_INTERPEAK_VALLEY_03,NFE2L2,110,239,130.0
All interpeak,NFE2L2_INTERPEAK_VALLEY_04,NFE2L2,248,258,11.0
All interpeak,DUX4_INTERPEAK_VALLEY_01,DUX4,33,44,12.0
All interpeak,KLF4_INTERPEAK_VALLEY_01,KLF4,19,62,44.0
All interpeak,CHD2_INTERPEAK_VALLEY_01,CHD2,26,68,43.0
All interpeak,KLF5_INTERPEAK_VALLEY_01,KLF5,67,74,8.0
All interpeak,FOS_INTERPEAK_VALLEY_01,FOS,59,68,10.0
All interpeak,CREB3_INTERPEAK_VALLEY_01,CREB3,22,49,28.0
All interpeak,CREB3_INTERPEAK_VALLEY_02,CREB3,60,255,196.0
All interpeak,TP63_INTERPEAK_VALLEY_01,TP63,25,91,67.0
All interpeak,TP63_INTERPEAK_VALLEY_02,TP63,96,106,11.0
All interpeak,CAMTA1_INTERPEAK_VALLEY_01,CAMTA1,16,68,53.0
All interpeak,CAMTA1_INTERPEAK_VALLEY_02,CAMTA1,83,119,37.0
All interpeak,LHX1_INTERPEAK_VALLEY_01,LHX1,57,97,41.0
All interpeak,NR4A1_INTERPEAK_VALLEY_01,NR4A1,9,104,96.0
All interpeak,NR4A1_INTERPEAK_VALLEY_02,NR4A1,114,125,12.0
All interpeak,KLF15_INTERPEAK_VALLEY_01,KLF15,13,63,51.0
All interpeak,FOXN4_INTERPEAK_VALLEY_01,FOXN4,12,48,37.0
All interpeak,FOXN4_INTERPEAK_VALLEY_02,FOXN4,51,107,57.0
All interpeak,MITF_INTERPEAK_VALLEY_01,MITF,10,24,15.0
All interpeak,MYT1L_INTERPEAK_VALLEY_01,MYT1L,61,129,69.0
All interpeak,GCM1_INTERPEAK_VALLEY_01,GCM1,23,86,64.0
All interpeak,GCM1_INTERPEAK_VALLEY_02,GCM1,92,125,34.0
All interpeak,PAGR1_INTERPEAK_VALLEY_01,PAGR1,33,74,42.0
All interpeak,ZNF469_INTERPEAK_VALLEY_01,ZNF469,60,71,12.0
All interpeak,ZNF469_INTERPEAK_VALLEY_02,ZNF469,78,143,66.0
All interpeak,ZNF469_INTERPEAK_VALLEY_03,ZNF469,153,168,16.0
All interpeak,ZNF469_INTERPEAK_VALLEY_04,ZNF469,173,254,82.0
All interpeak,PROP1_INTERPEAK_VALLEY_01,PROP1,6,63,58.0
All interpeak,PROP1_INTERPEAK_VALLEY_02,PROP1,67,77,11.0
All interpeak,EP400_INTERPEAK_VALLEY_01,EP400,14,66,53.0
All interpeak,PLAGL2_INTERPEAK_VALLEY_01,PLAGL2,9,16,8.0
All interpeak,PLAGL2_INTERPEAK_VALLEY_02,PLAGL2,20,91,72.0
All interpeak,EYA4_INTERPEAK_VALLEY_01,EYA4,11,24,14.0
All interpeak,EYA4_INTERPEAK_VALLEY_02,EYA4,31,39,9.0
All interpeak,CSRNP1_INTERPEAK_VALLEY_01,CSRNP1,118,146,29.0
All interpeak,CSRNP1_INTERPEAK_VALLEY_02,CSRNP1,157,166,10.0
All interpeak,CSRNP1_INTERPEAK_VALLEY_03,CSRNP1,170,184,15.0
All interpeak,SP6_INTERPEAK_VALLEY_01,SP6,68,79,12.0
All interpeak,SOX4_INTERPEAK_VALLEY_01,SOX4,59,88,30.0
All interpeak,ZBTB44_INTERPEAK_VALLEY_01,ZBTB44,37,55,19.0
All interpeak,CHD9_INTERPEAK_VALLEY_01,CHD9,9,31,23.0
All interpeak,CHD9_INTERPEAK_VALLEY_02,CHD9,34,72,39.0
All interpeak,CDX4_INTERPEAK_VALLEY_01,CDX4,28,49,22.0
All interpeak,MTERF3_INTERPEAK_VALLEY_01,MTERF3,42,55,14.0
All interpeak,APBB1_INTERPEAK_VALLEY_01,APBB1,9,42,34.0
All interpeak,APBB1_INTERPEAK_VALLEY_02,APBB1,46,81,36.0
All interpeak,APBB1_INTERPEAK_VALLEY_03,APBB1,85,106,22.0
All interpeak,POU5F1_INTERPEAK_VALLEY_01,POU5F1,36,67,32.0
All interpeak,ETS1_INTERPEAK_VALLEY_01,ETS1,33,39,7.0
All interpeak,FOXJ1_INTERPEAK_VALLEY_01,FOXJ1,52,74,23.0
All interpeak,ATMIN_INTERPEAK_VALLEY_01,ATMIN,23,60,38.0
All interpeak,ATMIN_INTERPEAK_VALLEY_02,ATMIN,74,122,49.0
All interpeak,ATF6_INTERPEAK_VALLEY_01,ATF6,30,61,32.0
All interpeak,ATF6_INTERPEAK_VALLEY_02,ATF6,71,93,23.0
All interpeak,HOXB13_INTERPEAK_VALLEY_01,HOXB13,30,39,10.0
All interpeak,HOXB13_INTERPEAK_VALLEY_02,HOXB13,47,73,27.0
All interpeak,KAT6B_INTERPEAK_VALLEY_01,KAT6B,17,64,48.0
All interpeak,KAT6B_INTERPEAK_VALLEY_02,KAT6B,70,87,18.0
All interpeak,ZMYM3_INTERPEAK_VALLEY_01,ZMYM3,31,65,35.0
All interpeak,TBX4_INTERPEAK_VALLEY_01,TBX4,14,34,21.0
All interpeak,AHR_INTERPEAK_VALLEY_01,AHR,33,43,11.0
All interpeak,ETV4_INTERPEAK_VALLEY_01,ETV4,15,76,62.0
All interpeak,PLAGL1_INTERPEAK_VALLEY_01,PLAGL1,6,73,68.0
All interpeak,CREBBP_INTERPEAK_VALLEY_01,CREBBP,25,52,28.0
All interpeak,NFATC2_INTERPEAK_VALLEY_01,NFATC2,36,64,29.0
All interpeak,NFATC2_INTERPEAK_VALLEY_02,NFATC2,71,97,27.0
All interpeak,TBPL2_INTERPEAK_VALLEY_01,TBPL2,21,96,76.0
All interpeak,NFE2L1_INTERPEAK_VALLEY_01,NFE2L1,34,76,43.0
All interpeak,NFE2L1_INTERPEAK_VALLEY_02,NFE2L1,88,183,96.0
All interpeak,NFE2L1_INTERPEAK_VALLEY_03,NFE2L1,200,303,104.0
All interpeak,HOXA2_INTERPEAK_VALLEY_01,HOXA2,53,67,15.0
All interpeak,ZBED6_INTERPEAK_VALLEY_01,ZBED6,50,74,25.0
All interpeak,EYA3_INTERPEAK_VALLEY_01,EYA3,41,74,34.0
All interpeak,HOXB2_INTERPEAK_VALLEY_01,HOXB2,74,83,10.0
All interpeak,CXXC1_INTERPEAK_VALLEY_01,CXXC1,57,74,18.0
All interpeak,GATA6_INTERPEAK_VALLEY_01,GATA6,30,45,16.0
All interpeak,POU5F1B_INTERPEAK_VALLEY_01,POU5F1B,6,25,20.0
All interpeak,PARP3_INTERPEAK_VALLEY_01,PARP3,40,79,40.0
All interpeak,TP53_INTERPEAK_VALLEY_01,TP53,19,92,74.0
All interpeak,ZFHX4_INTERPEAK_VALLEY_01,ZFHX4,13,155,143.0
All interpeak,JRKL_INTERPEAK_VALLEY_01,JRKL,24,65,42.0
All interpeak,ATF5_INTERPEAK_VALLEY_01,ATF5,10,16,7.0
All interpeak,ATF5_INTERPEAK_VALLEY_02,ATF5,24,60,37.0
All interpeak,ATF5_INTERPEAK_VALLEY_03,ATF5,66,71,6.0
All interpeak,NR1H4_INTERPEAK_VALLEY_01,NR1H4,19,56,38.0
All interpeak,NR1H4_INTERPEAK_VALLEY_02,NR1H4,63,91,29.0
All interpeak,PPARGC1B_INTERPEAK_VALLEY_01,PPARGC1B,9,37,29.0
All interpeak,PPARGC1B_INTERPEAK_VALLEY_02,PPARGC1B,46,58,13.0
All interpeak,PPARGC1B_INTERPEAK_VALLEY_03,PPARGC1B,65,93,29.0
All interpeak,SOX8_INTERPEAK_VALLEY_01,SOX8,33,55,23.0
All interpeak,SOX8_INTERPEAK_VALLEY_02,SOX8,59,82,24.0
All interpeak,FOXR1_INTERPEAK_VALLEY_01,FOXR1,25,30,6.0
All interpeak,AKAP8L_INTERPEAK_VALLEY_01,AKAP8L,34,59,26.0
All interpeak,NANOGP8_INTERPEAK_VALLEY_01,NANOGP8,98,131,34.0
All interpeak,TEF_INTERPEAK_VALLEY_01,TEF,41,54,14.0
All interpeak,RFX7_INTERPEAK_VALLEY_01,RFX7,22,113,92.0
All interpeak,ETV3_INTERPEAK_VALLEY_01,ETV3,31,68,38.0
All interpeak,FOXJ3_INTERPEAK_VALLEY_01,FOXJ3,65,73,9.0
All interpeak,PRMT3_INTERPEAK_VALLEY_01,PRMT3,40,71,32.0
All interpeak,CREB3L3_INTERPEAK_VALLEY_01,CREB3L3,43,75,33.0
All interpeak,ATAD5_INTERPEAK_VALLEY_01,ATAD5,37,67,31.0
All interpeak,CRX_INTERPEAK_VALLEY_01,CRX,7,28,22.0
All interpeak,CRX_INTERPEAK_VALLEY_02,CRX,37,93,57.0
All interpeak,NEUROG3_INTERPEAK_VALLEY_01,NEUROG3,4,31,28.0
All interpeak,NEUROG3_INTERPEAK_VALLEY_02,NEUROG3,37,44,8.0
All interpeak,PHF19_INTERPEAK_VALLEY_01,PHF19,13,64,52.0
All interpeak,MYBL1_INTERPEAK_VALLEY_01,MYBL1,77,141,65.0
All interpeak,MYBL1_INTERPEAK_VALLEY_02,MYBL1,144,162,19.0
All interpeak,MYBL1_INTERPEAK_VALLEY_03,MYBL1,168,190,23.0
All interpeak,ARNTL_INTERPEAK_VALLEY_01,ARNTL,71,86,16.0
All interpeak,ARGFX_INTERPEAK_VALLEY_01,ARGFX,85,176,92.0
All interpeak,PHOX2A_INTERPEAK_VALLEY_01,PHOX2A,18,58,41.0
All interpeak,PHOX2A_INTERPEAK_VALLEY_02,PHOX2A,63,70,8.0
All interpeak,STAT6_INTERPEAK_VALLEY_01,STAT6,37,41,5.0
All interpeak,STAT6_INTERPEAK_VALLEY_02,STAT6,51,68,18.0
All interpeak,ATF6B_INTERPEAK_VALLEY_01,ATF6B,8,44,37.0
All interpeak,ATF6B_INTERPEAK_VALLEY_02,ATF6B,49,71,23.0
All interpeak,ASXL2_INTERPEAK_VALLEY_01,ASXL2,23,48,26.0
All interpeak,IRF2_INTERPEAK_VALLEY_01,IRF2,64,78,15.0
All interpeak,SREBF1_INTERPEAK_VALLEY_01,SREBF1,36,43,8.0
All interpeak,PRMT2_INTERPEAK_VALLEY_01,PRMT2,39,93,55.0
All interpeak,UBN1_INTERPEAK_VALLEY_01,UBN1,6,76,71.0
All interpeak,UBN1_INTERPEAK_VALLEY_02,UBN1,85,112,28.0
All interpeak,NCOA3_INTERPEAK_VALLEY_01,NCOA3,17,49,33.0
All interpeak,NCOA3_INTERPEAK_VALLEY_02,NCOA3,57,67,11.0
All interpeak,KMT2C_INTERPEAK_VALLEY_01,KMT2C,66,116,51.0
All interpeak,KMT2C_INTERPEAK_VALLEY_02,KMT2C,123,134,12.0
All interpeak,KMT2C_INTERPEAK_VALLEY_03,KMT2C,138,155,18.0
All interpeak,LMX1A_INTERPEAK_VALLEY_01,LMX1A,47,88,42.0
All interpeak,FOXO3_INTERPEAK_VALLEY_01,FOXO3,66,94,29.0
All interpeak,FOXO3_INTERPEAK_VALLEY_02,FOXO3,99,113,15.0
All interpeak,EGR3_INTERPEAK_VALLEY_01,EGR3,31,59,29.0
All interpeak,HOXD13_INTERPEAK_VALLEY_01,HOXD13,36,56,21.0
All interpeak,HOXD13_INTERPEAK_VALLEY_02,HOXD13,64,93,30.0
All interpeak,HOXA6_INTERPEAK_VALLEY_01,HOXA6,7,70,64.0
All interpeak,MYRFL_INTERPEAK_VALLEY_01,MYRFL,17,57,41.0
All interpeak,RELB_INTERPEAK_VALLEY_01,RELB,5,23,19.0
All interpeak,RELB_INTERPEAK_VALLEY_02,RELB,27,49,23.0
All interpeak,RELB_INTERPEAK_VALLEY_03,RELB,60,153,94.0
All interpeak,RELB_INTERPEAK_VALLEY_04,RELB,164,191,28.0
All interpeak,ESR1_INTERPEAK_VALLEY_01,ESR1,75,104,30.0
GoF-targeted,NR3C1_INTERPEAK_VALLEY_01,NR3C1,33,83,51.0
GoF-targeted,NFE2L3_INTERPEAK_VALLEY_02,NFE2L3,69,166,98.0
GoF-targeted,ELF3_INTERPEAK_VALLEY_01,ELF3,17,60,44.0
GoF-targeted,ELF3_INTERPEAK_VALLEY_02,ELF3,65,89,25.0
GoF-targeted,KMT2A_INTERPEAK_VALLEY_02,KMT2A,81,112,32.0
GoF-targeted,FOXO6_INTERPEAK_VALLEY_01,FOXO6,5,62,58.0
GoF-targeted,CEBPA_INTERPEAK_VALLEY_01,CEBPA,38,75,38.0
GoF-targeted,POU2AF1_INTERPEAK_VALLEY_01,POU2AF1,18,74,57.0
GoF-targeted,HLF_INTERPEAK_VALLEY_02,HLF,54,73,20.0
GoF-targeted,IRF1_INTERPEAK_VALLEY_01,IRF1,31,70,40.0
GoF-targeted,APBB3_INTERPEAK_VALLEY_02,APBB3,44,76,33.0
GoF-targeted,MYBL2_INTERPEAK_VALLEY_01,MYBL2,4,137,134.0
GoF-targeted,MGA_INTERPEAK_VALLEY_02,MGA,53,113,61.0
GoF-targeted,SMARCA4_INTERPEAK_VALLEY_01,SMARCA4,13,65,53.0
GoF-targeted,NFE2L2_INTERPEAK_VALLEY_03,NFE2L2,110,239,130.0
GoF-targeted,KLF4_INTERPEAK_VALLEY_01,KLF4,19,62,44.0
GoF-targeted,CHD2_INTERPEAK_VALLEY_01,CHD2,26,68,43.0
GoF-targeted,CAMTA1_INTERPEAK_VALLEY_01,CAMTA1,16,68,53.0
GoF-targeted,NR4A1_INTERPEAK_VALLEY_01,NR4A1,9,104,96.0
GoF-targeted,ZNF469_INTERPEAK_VALLEY_02,ZNF469,78,143,66.0
GoF-targeted,ZNF469_INTERPEAK_VALLEY_04,ZNF469,173,254,82.0
GoF-targeted,APBB1_INTERPEAK_VALLEY_01,APBB1,9,42,34.0
GoF-targeted,ATMIN_INTERPEAK_VALLEY_01,ATMIN,23,60,38.0
GoF-targeted,ATMIN_INTERPEAK_VALLEY_02,ATMIN,74,122,49.0
GoF-targeted,ATF6_INTERPEAK_VALLEY_01,ATF6,30,61,32.0
GoF-targeted,ATF6_INTERPEAK_VALLEY_02,ATF6,71,93,23.0
GoF-targeted,CREBBP_INTERPEAK_VALLEY_01,CREBBP,25,52,28.0
GoF-targeted,NFATC2_INTERPEAK_VALLEY_01,NFATC2,36,64,29.0
GoF-targeted,NFE2L1_INTERPEAK_VALLEY_01,NFE2L1,34,76,43.0
GoF-targeted,GATA6_INTERPEAK_VALLEY_01,GATA6,30,45,16.0
GoF-targeted,JRKL_INTERPEAK_VALLEY_01,JRKL,24,65,42.0
GoF-targeted,CRX_INTERPEAK_VALLEY_02,CRX,37,93,57.0
GoF-targeted,NEUROG3_INTERPEAK_VALLEY_01,NEUROG3,4,31,28.0
GoF-targeted,PHF19_INTERPEAK_VALLEY_01,PHF19,13,64,52.0
GoF-targeted,MYBL1_INTERPEAK_VALLEY_01,MYBL1,77,141,65.0
GoF-targeted,ATF6B_INTERPEAK_VALLEY_02,ATF6B,49,71,23.0
GoF-targeted,HOXD13_INTERPEAK_VALLEY_02,HOXD13,64,93,30.0
GoF-targeted,HOXA6_INTERPEAK_VALLEY_01,HOXA6,7,70,64.0
GoF-targeted,MYRFL_INTERPEAK_VALLEY_01,MYRFL,17,57,41.0
GoF +0.5-targeted,NR3C1_INTERPEAK_VALLEY_01,NR3C1,33,83,51.0
GoF +0.5-targeted,ELF3_INTERPEAK_VALLEY_02,ELF3,65,89,25.0
GoF +0.5-targeted,KMT2A_INTERPEAK_VALLEY_02,KMT2A,81,112,32.0
GoF +0.5-targeted,CEBPA_INTERPEAK_VALLEY_01,CEBPA,38,75,38.0
GoF +0.5-targeted,IRF1_INTERPEAK_VALLEY_01,IRF1,31,70,40.0
GoF +0.5-targeted,MYBL2_INTERPEAK_VALLEY_01,MYBL2,4,137,134.0
GoF +0.5-targeted,NFE2L2_INTERPEAK_VALLEY_03,NFE2L2,110,239,130.0
GoF +0.5-targeted,CAMTA1_INTERPEAK_VALLEY_01,CAMTA1,16,68,53.0
GoF +0.5-targeted,NR4A1_INTERPEAK_VALLEY_01,NR4A1,9,104,96.0
GoF +0.5-targeted,ZNF469_INTERPEAK_VALLEY_02,ZNF469,78,143,66.0
GoF +0.5-targeted,ATF6_INTERPEAK_VALLEY_02,ATF6,71,93,23.0
GoF +0.5-targeted,NFE2L1_INTERPEAK_VALLEY_01,NFE2L1,34,76,43.0
GoF +0.5-targeted,PHF19_INTERPEAK_VALLEY_01,PHF19,13,64,52.0
GoF +0.5-targeted,MYRFL_INTERPEAK_VALLEY_01,MYRFL,17,57,41.0
GoF Q85-targeted,NR3C1_INTERPEAK_VALLEY_01,NR3C1,33,83,51.0
GoF Q85-targeted,IRF1_INTERPEAK_VALLEY_01,IRF1,31,70,40.0
GoF Q85-targeted,ATF6_INTERPEAK_VALLEY_02,ATF6,71,93,23.0
GoF Q85-targeted,NFE2L1_INTERPEAK_VALLEY_01,NFE2L1,34,76,43.0
GoF Q85-targeted,PHF19_INTERPEAK_VALLEY_01,PHF19,13,64,52.0
